/*
SQLyog Community Edition- MySQL GUI v5.20
Host - 5.0.51a-community-nt : Database - legacydb
*********************************************************************
Server version : 5.0.51a-community-nt
*/

SET NAMES utf8;

SET SQL_MODE='';

USE `legacydb`;
SET @OLD_SQL_MODE=@@SQL_MODE, SQL_MODE='NO_AUTO_VALUE_ON_ZERO';

/*Table structure for table `accounts` */

DROP TABLE IF EXISTS `accounts`;

CREATE TABLE `accounts` (
  `accountid` int(11) NOT NULL default '0',
  `password` varchar(50) NOT NULL,
  `online` int(1) default '0',
  PRIMARY KEY  (`accountid`)
) ENGINE=InnoDB DEFAULT CHARSET=utf8;

/*Data for the table `accounts` */

insert  into `accounts`(`accountid`,`password`,`online`) values (11926,'qwerty',0),(111111,'password',0),(123123,'pass',0),(222222,'password',0),(234234,'word',0),(321321,'qwerty',0),(333333,'password',0),(432432,'kumaha',0),(444444,'password',0),(555555,'password',0),(666666,'password',0),(777777,'password',0),(888888,'password',0),(999999,'password',0);

/*Table structure for table `characters` */

DROP TABLE IF EXISTS `characters`;

CREATE TABLE `characters` (
  `guid` int(10) NOT NULL auto_increment,
  `accountid` int(6) default '0',
  `psswd` varchar(20) default 'NULL',
  `gender` smallint(2) default '1',
  `element` smallint(2) default '1',
  `face` smallint(2) default '0',
  `hair` smallint(2) default '1',
  `charname` varchar(20) default 'charname',
  `reborn_level` int(2) default '0',
  `charlevel` int(11) default '1',
  `mapid` int(5) default '12001',
  `pos_x` int(5) default '800',
  `pos_y` int(5) default '1175',
  `hp` decimal(10,0) default '81',
  `sp` decimal(10,0) default '61',
  `hp_max` decimal(10,0) default '81',
  `sp_max` decimal(10,0) default '61',
  `xp_total` decimal(10,0) default '0',
  `stat_int` int(11) default '0',
  `stat_atk` int(11) default '0',
  `stat_def` int(11) default '0',
  `stat_hpx` int(11) default '0',
  `stat_spx` int(11) default '0',
  `stat_agi` int(11) default '0',
  `stat_int_bonus` int(11) default '0',
  `stat_atk_bonus` int(11) default '0',
  `stat_def_bonus` int(11) default '0',
  `stat_hpx_bonus` int(11) default '0',
  `stat_spx_bonus` int(11) default '0',
  `stat_agi_bonus` int(11) default '0',
  `skill_gain` int(11) default '0',
  `skill_used` int(11) default '0',
  `stat_gain` int(11) default '0',
  `stat_used` int(11) default '0',
  `eq_head` int(11) default '0',
  `eq_body` int(11) default '19737',
  `eq_wrist` int(11) default '0',
  `eq_weapon` int(11) default '0',
  `eq_shoe` int(11) default '0',
  `eq_accessory` int(11) default '0',
  `hair_color` decimal(11,0) default '3294967295',
  `skin_color` decimal(11,0) default '3294967295',
  `online` smallint(6) default '0',
  `gold_in_hand` int(32) default '0',
  `gold_in_bank` int(32) default '0',
  `security_level` int(1) default '0',
  `unk1` int(11) default '0',
  `unk2` int(11) default '0',
  `unk3` int(11) default '0',
  `unk4` int(11) default '0',
  `unk5` int(11) default '0',
  PRIMARY KEY  (`guid`)
) ENGINE=InnoDB AUTO_INCREMENT=14 DEFAULT CHARSET=utf8;

/*Data for the table `characters` */

insert  into `characters`(`guid`,`accountid`,`psswd`,`gender`,`element`,`face`,`hair`,`charname`,`reborn_level`,`charlevel`,`mapid`,`pos_x`,`pos_y`,`hp`,`sp`,`hp_max`,`sp_max`,`xp_total`,`stat_int`,`stat_atk`,`stat_def`,`stat_hpx`,`stat_spx`,`stat_agi`,`stat_int_bonus`,`stat_atk_bonus`,`stat_def_bonus`,`stat_hpx_bonus`,`stat_spx_bonus`,`stat_agi_bonus`,`skill_gain`,`skill_used`,`stat_gain`,`stat_used`,`eq_head`,`eq_body`,`eq_wrist`,`eq_weapon`,`eq_shoe`,`eq_accessory`,`hair_color`,`skin_color`,`online`,`gold_in_hand`,`gold_in_bank`,`security_level`,`unk1`,`unk2`,`unk3`,`unk4`,`unk5`) values (1,432432,'kumaha',2,3,0,4,'protonic',0,1,12001,700,1175,'81','61','81','61','0',0,0,0,0,0,0,0,0,0,0,0,0,0,0,0,0,17308,56015,21041,10488,22041,0,'3294967295','3294967295',0,0,0,1,0,0,0,0,0),(2,123123,'pass',1,2,0,2,'Valinor',0,30,12263,300,300,'81','61','81','61','2',50,20,30,40,10,5,5,4,3,2,1,400,0,0,0,0,17308,56015,21041,10488,22041,0,'3294967295','3294967295',0,1200243,200000000,2,400,500,600,700,800),(3,234234,'word',2,2,0,2,'Evenstar',0,30,12133,422,375,'81','61','81','61','12',5,4,3,0,0,2,0,0,0,0,0,200,1,0,0,0,0,19737,0,0,0,0,'3294967295','3294967295',0,0,0,0,0,0,0,0,0),(4,321321,'qwerty',1,4,0,1,'Eleven',0,1,12001,1000,1175,'81','61','81','61','7',1,4,3,2,1,2,3,132,20,123,321,200,4,2,5,3,20619,19737,21001,0,22001,23092,'3294967295','3294967295',0,0,0,1,0,0,0,0,0),(5,111111,'password',1,1,0,1,'testchar1',0,1,12001,800,1175,'81','61','81','61','0',0,0,0,0,0,0,0,0,0,0,0,0,0,0,0,0,20041,17217,21441,10500,22040,0,'3294967295','3294967295',0,0,0,0,0,0,0,0,0),(6,222222,'password',1,1,0,5,'testchar2',0,1,12001,800,1175,'81','61','81','61','0',0,0,0,0,0,0,0,0,0,0,0,0,0,0,0,0,20041,17217,21441,10500,22040,0,'3294967295','3294967295',0,0,0,0,0,0,0,0,0);
insert  into `characters`(`guid`,`accountid`,`psswd`,`gender`,`element`,`face`,`hair`,`charname`,`reborn_level`,`charlevel`,`mapid`,`pos_x`,`pos_y`,`hp`,`sp`,`hp_max`,`sp_max`,`xp_total`,`stat_int`,`stat_atk`,`stat_def`,`stat_hpx`,`stat_spx`,`stat_agi`,`stat_int_bonus`,`stat_atk_bonus`,`stat_def_bonus`,`stat_hpx_bonus`,`stat_spx_bonus`,`stat_agi_bonus`,`skill_gain`,`skill_used`,`stat_gain`,`stat_used`,`eq_head`,`eq_body`,`eq_wrist`,`eq_weapon`,`eq_shoe`,`eq_accessory`,`hair_color`,`skin_color`,`online`,`gold_in_hand`,`gold_in_bank`,`security_level`,`unk1`,`unk2`,`unk3`,`unk4`,`unk5`) values (7,333333,'password',2,1,0,4,'testchar3',0,1,12001,800,1175,'81','61','81','61','0',0,0,0,0,0,0,0,0,0,0,0,0,0,0,0,0,20041,17217,21441,10500,22040,0,'3294967295','3294967295',0,0,0,0,0,0,0,0,0),(8,444444,'password',2,1,0,4,'testchar4',0,1,12001,800,1175,'81','61','81','61','0',0,0,0,0,0,0,0,0,0,0,0,0,0,0,0,0,20041,17217,21441,10500,22040,0,'3294967295','3294967295',0,0,0,0,0,0,0,0,0),(9,555555,'password',1,1,0,2,'testchar5',0,1,12001,800,1175,'81','61','81','61','0',0,0,0,0,0,0,0,0,0,0,0,0,0,0,0,0,20041,17217,21441,10500,22040,0,'3294967295','3294967295',0,0,0,0,0,0,0,0,0),(10,666666,'password',1,1,0,1,'testchar6',0,1,12001,800,1175,'81','61','81','61','0',0,0,0,0,0,0,0,0,0,0,0,0,0,0,0,0,20041,17217,21441,10500,22040,0,'3294967295','3294967295',0,0,0,0,0,0,0,0,0),(11,777777,'password',1,1,0,1,'testchar7',0,1,12001,800,1175,'81','61','81','61','0',0,0,0,0,0,0,0,0,0,0,0,0,0,0,0,0,20041,17217,21441,10500,22040,0,'3294967295','3294967295',0,0,0,0,0,0,0,0,0),(12,888888,'password',2,1,0,1,'testchar8',0,1,12001,800,1175,'81','61','81','61','0',0,0,0,0,0,0,0,0,0,0,0,0,0,0,0,0,20041,17217,21441,10500,22040,0,'3294967295','3294967295',0,0,0,0,0,0,0,0,0),(13,999999,'password',1,1,0,1,'testchar9',0,1,12001,800,1175,'81','61','81','61','0',0,0,0,0,0,0,0,0,0,0,0,0,0,0,0,0,20041,17217,21441,10500,22040,0,'3294967295','3294967295',0,0,0,0,0,0,0,0,0);

/*Table structure for table `creature` */

DROP TABLE IF EXISTS `creature`;

CREATE TABLE `creature` (
  `guid` int(11) unsigned NOT NULL auto_increment COMMENT 'Global Unique Identifier',
  `id` int(11) unsigned NOT NULL default '0' COMMENT 'Creature Identifier in Creature Template',
  `mapid` int(11) unsigned NOT NULL default '0' COMMENT 'Map Identifier',
  `map_npcid` int(11) default NULL COMMENT 'Map Npc Identifier',
  `position_x` float NOT NULL default '0',
  `position_y` float NOT NULL default '0',
  `spawntimesecs` int(11) unsigned NOT NULL default '120',
  `currentwaypoint` int(11) unsigned NOT NULL default '0',
  `spawn_position_x` float NOT NULL default '0',
  `spawn_position_y` float NOT NULL default '0',
  `curhealth` int(11) unsigned NOT NULL default '1',
  `curmana` int(11) unsigned NOT NULL default '0',
  `DeathState` tinyint(3) unsigned NOT NULL default '0',
  `MovementType` tinyint(3) unsigned NOT NULL default '0',
  PRIMARY KEY  (`guid`),
  KEY `idx_map` (`mapid`),
  KEY `index_id` (`id`)
) ENGINE=MyISAM AUTO_INCREMENT=12263002 DEFAULT CHARSET=utf8 ROW_FORMAT=DYNAMIC COMMENT='Creature System';

/*Data for the table `creature` */

insert  into `creature`(`guid`,`id`,`mapid`,`map_npcid`,`position_x`,`position_y`,`spawntimesecs`,`currentwaypoint`,`spawn_position_x`,`spawn_position_y`,`curhealth`,`curmana`,`DeathState`,`MovementType`) values (1213301,20001,12133,1,302,475,120,0,0,0,1,0,0,0),(1213302,14201,12133,2,522,355,120,0,0,0,1,0,0,0),(1226301,16004,12263,1,382,335,120,0,0,0,1,0,0,0);

/*Table structure for table `creature_template` */

DROP TABLE IF EXISTS `creature_template`;

CREATE TABLE `creature_template` (
  `entry` int(11) unsigned NOT NULL default '0',
  `name` char(100) NOT NULL default '0',
  `ScriptName` char(128) NOT NULL default '',
  `npcflag` int(11) default '0'
) ENGINE=InnoDB DEFAULT CHARSET=utf8;

/*Data for the table `creature_template` */

insert  into `creature_template`(`entry`,`name`,`ScriptName`,`npcflag`) values (16004,'Bankir','',0),(14201,'Kasir Liu','',0),(20001,'Mangonel','',0);

/*Table structure for table `map2map` */

DROP TABLE IF EXISTS `map2map`;

CREATE TABLE `map2map` (
  `id` int(5) NOT NULL auto_increment,
  `mapid_src` int(5) default '0',
  `doorid` int(5) default '0',
  `mapid_dest` int(5) default '0',
  `x` int(5) default '0',
  `y` int(5) default '0',
  PRIMARY KEY  (`id`)
) ENGINE=InnoDB AUTO_INCREMENT=4413 DEFAULT CHARSET=utf8;

/*Data for the table `map2map` */

insert  into `map2map`(`id`,`mapid_src`,`doorid`,`mapid_dest`,`x`,`y`) values (1,12001,12,12002,1142,515),(2,12002,2,12001,162,935),(12,11000,1,12000,1242,635),(13,11000,2,13000,0,0),(14,11000,3,11571,0,0),(15,11000,4,11021,0,0),(16,11000,5,11801,0,0),(17,11000,6,11501,0,0),(18,11000,7,11531,0,0),(19,11000,8,15507,0,0),(20,11000,9,11401,0,0),(21,11000,10,15000,0,0),(22,11000,11,55000,0,0),(23,11000,13,11411,0,0),(24,11000,14,11831,0,0),(25,11000,15,11811,0,0),(26,11000,16,11841,0,0),(27,11000,17,11821,0,0),(28,11000,19,11421,0,0),(29,11001,1,11002,0,0),(30,11001,2,11801,0,0),(31,11002,1,11201,0,0),(32,11002,2,11171,0,0),(33,11002,3,11301,0,0),(34,11002,4,11241,0,0),(35,11002,5,11003,0,0),(36,11002,6,11001,0,0),(37,11002,7,11261,0,0),(38,11002,10,11131,0,0),(39,11003,1,11002,0,0),(40,11003,2,11581,0,0),(41,11011,2,11012,0,0),(42,11012,1,11011,0,0),(43,11012,2,11132,0,0),(44,11012,3,11172,0,0),(45,11012,4,11221,0,0),(46,11012,5,11242,0,0),(47,11012,6,11101,0,0),(48,11012,7,11013,0,0),(49,11013,1,11012,0,0),(50,11013,2,11534,0,0),(51,11021,1,11000,0,0),(52,11021,2,11174,0,0),(53,11021,3,11173,0,0),(54,11021,4,11133,0,0),(55,11041,1,11000,0,0),(56,11041,2,11042,0,0),(57,11042,1,11041,0,0),(58,11042,2,11045,0,0),(59,11045,1,11042,0,0),(60,11045,5,11000,0,0),(61,11101,1,11012,0,0),(62,11131,1,11002,0,0),(63,11132,1,11012,0,0);
insert  into `map2map`(`id`,`mapid_src`,`doorid`,`mapid_dest`,`x`,`y`) values (64,11133,1,11021,0,0),(65,11171,1,11002,0,0),(66,11172,1,11012,0,0),(67,11173,1,11021,0,0),(68,11174,1,11021,0,0),(69,11201,1,11002,0,0),(70,11221,1,11012,0,0),(71,11241,1,11002,0,0),(72,11242,1,11012,0,0),(73,11261,1,11002,0,0),(74,11301,1,11002,0,0),(75,11401,1,11000,0,0),(76,11411,1,11000,0,0),(77,11421,1,11000,0,0),(78,11421,2,11422,0,0),(79,11422,1,11421,0,0),(80,11422,2,11423,0,0),(81,11423,1,11422,0,0),(82,11423,2,11424,0,0),(83,11424,1,11423,0,0),(84,11501,1,11000,0,0),(85,11501,2,11515,0,0),(86,11501,3,11516,0,0),(87,11501,4,11517,0,0),(88,11502,1,11512,0,0),(89,11502,2,11518,0,0),(90,11502,3,11520,0,0),(91,11502,4,11519,0,0),(92,11502,5,11521,0,0),(93,11503,1,11513,0,0),(94,11503,4,11523,0,0),(95,11504,1,11523,0,0),(96,11504,3,11505,0,0),(97,11505,1,11504,0,0),(98,11512,1,11517,0,0),(99,11512,2,11502,0,0),(100,11513,1,11521,0,0),(101,11513,2,11503,0,0),(102,11515,1,11501,0,0),(103,11516,1,11501,0,0),(104,11517,1,11501,0,0),(105,11517,2,11512,0,0),(106,11518,1,11502,0,0),(107,11519,1,11502,0,0),(108,11520,1,11502,0,0),(109,11521,1,11502,0,0),(110,11521,2,11513,0,0),(111,11523,1,11503,0,0),(112,11523,2,11504,0,0),(113,11531,1,11000,0,0),(114,11531,2,11537,0,0),(115,11531,3,11539,0,0),(116,11532,1,11539,0,0),(117,11532,2,11538,0,0),(118,11532,3,11541,0,0);
insert  into `map2map`(`id`,`mapid_src`,`doorid`,`mapid_dest`,`x`,`y`) values (119,11532,4,11540,0,0),(120,11533,1,11542,0,0),(121,11533,2,11541,0,0),(122,11533,3,11543,0,0),(123,11534,1,11543,0,0),(124,11534,2,11013,0,0),(125,11535,1,11539,0,0),(126,11535,2,11542,0,0),(127,11535,3,11541,0,0),(128,11536,1,11540,0,0),(129,11536,2,11541,0,0),(130,11536,3,11543,0,0),(131,11536,4,11544,0,0),(132,11537,1,11531,0,0),(133,11538,1,11532,0,0),(134,11539,1,11531,0,0),(135,11539,2,11535,0,0),(136,11539,3,11532,0,0),(137,11540,1,11532,0,0),(138,11540,2,11536,0,0),(139,11541,1,11532,0,0),(140,11541,3,11533,0,0),(141,11541,4,11536,0,0),(142,11542,1,11535,0,0),(143,11542,2,11533,0,0),(144,11543,1,11533,0,0),(145,11543,2,11536,0,0),(146,11543,3,11534,0,0),(147,11544,1,11536,0,0),(148,11551,1,11571,0,0),(149,11551,2,11559,0,0),(150,11551,3,11562,0,0),(151,11552,1,11560,0,0),(152,11552,2,11559,0,0),(153,11553,1,11559,0,0),(154,11553,2,11562,0,0),(155,11553,3,11565,0,0),(156,11554,1,11562,0,0),(157,11554,2,11563,0,0),(158,11554,3,11564,0,0),(159,11555,2,11565,0,0),(160,11556,1,11565,0,0),(161,11556,2,11569,0,0),(162,11556,3,11568,0,0),(163,11557,1,11568,0,0),(164,11557,2,11570,0,0),(165,11558,1,11570,0,0),(166,11559,1,11551,0,0),(167,11559,2,11552,0,0),(168,11559,3,11553,0,0),(169,11560,1,11552,0,0),(170,11562,1,11553,0,0),(171,11562,2,11551,0,0);
insert  into `map2map`(`id`,`mapid_src`,`doorid`,`mapid_dest`,`x`,`y`) values (172,11562,3,11554,0,0),(173,11563,1,11554,0,0),(174,11564,1,11554,0,0),(175,11565,1,11553,0,0),(176,11565,2,11555,0,0),(177,11565,3,11556,0,0),(178,11568,1,11556,0,0),(179,11568,2,11557,0,0),(180,11569,1,11556,0,0),(181,11570,1,11558,0,0),(182,11570,2,11557,0,0),(183,11571,1,11551,0,0),(184,11571,2,11000,0,0),(185,11581,1,11587,0,0),(186,11581,2,11586,0,0),(187,11581,3,11003,0,0),(188,11582,1,11586,0,0),(189,11582,2,11583,0,0),(190,11583,1,11582,0,0),(191,11583,2,11584,0,0),(192,11583,4,11585,0,0),(193,11584,1,11583,0,0),(194,11585,1,11583,0,0),(195,11586,1,11581,0,0),(196,11586,2,11582,0,0),(197,11587,1,11583,0,0),(198,11587,2,11581,0,0),(199,11801,1,11000,0,0),(200,11801,2,11802,0,0),(201,11801,3,11001,0,0),(202,11802,1,11801,0,0),(203,11811,1,11000,0,0),(204,11821,1,11822,0,0),(205,11821,2,11000,0,0),(206,11821,3,11823,0,0),(207,11822,1,11821,0,0),(208,11823,1,11821,0,0),(209,11831,1,11000,0,0),(210,11831,2,11832,0,0),(211,11832,1,11831,0,0),(212,11841,1,11000,0,0),(213,12000,1,12031,1122,875),(214,12000,2,11000,0,0),(215,12000,3,12501,0,0),(216,12000,4,13000,0,0),(217,12000,5,12061,82,915),(218,12000,6,12011,0,0),(219,12000,7,12041,0,0),(220,12000,8,12021,0,0),(221,12000,9,12851,0,0),(222,12000,10,12421,102,835),(223,12000,11,12431,0,0);
insert  into `map2map`(`id`,`mapid_src`,`doorid`,`mapid_dest`,`x`,`y`) values (224,12000,12,12001,182,1635),(225,12000,13,12401,102,595),(226,12000,14,12441,102,455),(227,12000,15,12411,0,0),(228,12000,17,12811,0,0),(229,12000,18,12831,0,0),(230,12000,19,12881,0,0),(231,12000,20,12861,0,0),(232,12000,21,12871,0,0),(233,12000,22,12801,222,1815),(234,12000,23,12842,0,0),(235,12000,24,12821,2362,295),(236,12000,25,12806,2202,3735),(237,12000,26,12051,202,1015),(238,12000,34,12901,0,0),(239,12000,37,12992,162,1855),(240,12001,1,12000,1242,635),(241,12001,2,12807,242,215),(242,12001,3,12802,0,0),(243,12001,4,12004,442,435),(244,12001,5,12005,822,535),(245,12001,6,12007,402,515),(246,12001,7,12009,442,395),(247,12001,8,12015,322,415),(248,12001,9,12204,422,415),(249,12001,10,12223,342,435),(250,12001,11,12263,362,415),(252,12001,14,12139,342,435),(253,12001,15,12711,162,855),(254,12002,1,12018,382,475),(256,12002,3,12304,222,455),(257,12002,4,12136,382,395),(258,12002,5,12003,1162,835),(259,12003,1,12002,122,375),(260,12003,2,12808,0,0),(261,12003,3,12137,0,0),(262,12003,4,12244,0,0),(263,12003,5,12102,0,0),(264,12003,6,12179,482,415),(265,12003,7,12180,982,655),(266,12004,1,12001,1122,235),(267,12005,1,12001,642,155),(268,12007,1,12001,342,875),(269,12009,1,12001,1002,815),(270,12011,1,12000,1242,635);
insert  into `map2map`(`id`,`mapid_src`,`doorid`,`mapid_dest`,`x`,`y`) values (271,12011,2,12202,0,0),(272,12011,3,12174,0,0),(273,12011,4,12133,462,435),(274,12011,5,12242,0,0),(275,12011,6,12302,0,0),(276,12011,7,12173,0,0),(277,12011,8,12282,0,0),(278,12011,9,12262,0,0),(279,12011,10,12222,0,0),(280,12011,11,12012,0,0),(281,12011,13,12991,0,0),(282,12011,14,12891,0,0),(283,12012,1,12011,0,0),(284,12012,2,12013,0,0),(285,12013,1,12521,0,0),(286,12013,2,12012,0,0),(287,12015,1,12001,2202,475),(288,12018,1,12002,242,295),(289,12021,1,12022,0,0),(290,12021,2,12000,1242,635),(291,12022,1,12021,0,0),(292,12022,2,12203,0,0),(293,12022,3,12243,0,0),(294,12022,4,12175,0,0),(295,12022,5,12303,0,0),(296,12022,6,12134,0,0),(297,12022,7,12023,0,0),(298,12023,1,12022,0,0),(299,12031,1,12825,0,0),(300,12031,2,12177,542,395),(301,12031,3,12176,362,415),(302,12031,4,12000,1242,635),(303,12041,1,12000,1242,635),(304,12041,2,12135,0,0),(305,12041,3,12042,0,0),(306,12042,1,12041,0,0),(307,12042,2,12511,0,0),(308,12051,1,12000,1242,635),(309,12051,2,12310,0,0),(310,12061,1,12000,1242,635),(311,12061,2,12062,0,0),(312,12061,3,12171,0,0),(313,12061,4,12132,0,0),(314,12061,5,12131,0,0),(315,12061,6,12990,0,0),(316,12061,7,12201,422,415),(317,12061,8,12241,0,0),(318,12061,9,12091,622,1195),(319,12062,1,12061,0,0),(320,12062,2,12063,0,0);
insert  into `map2map`(`id`,`mapid_src`,`doorid`,`mapid_dest`,`x`,`y`) values (321,12062,3,12221,0,0),(322,12062,4,12281,0,0),(323,12062,5,12101,0,0),(324,12062,6,12261,0,0),(325,12062,7,12172,0,0),(326,12063,1,12062,0,0),(327,12063,2,12301,0,0),(328,12063,3,12064,0,0),(329,12064,1,12911,0,0),(330,12064,2,12063,0,0),(331,12064,3,12065,0,0),(332,12065,1,12103,0,0),(333,12065,2,12138,0,0),(334,12065,3,12104,0,0),(335,12065,4,12064,0,0),(336,12091,1,12061,202,115),(337,12091,2,12092,1522,515),(338,12092,1,12091,402,395),(339,12092,2,12093,942,655),(340,12093,1,12094,0,0),(341,12093,2,12092,162,395),(342,12094,1,12093,0,0),(343,12094,2,12096,0,0),(344,12094,3,12106,0,0),(345,12094,4,12105,0,0),(346,12095,1,12097,0,0),(347,12096,1,12094,0,0),(348,12096,2,12097,0,0),(349,12097,1,12096,0,0),(350,12097,2,12107,0,0),(351,12097,3,12108,0,0),(352,12097,4,12095,0,0),(353,12101,1,12062,0,0),(354,12102,1,12003,0,0),(355,12103,1,12065,0,0),(356,12104,1,12065,0,0),(357,12105,1,12094,0,0),(358,12106,1,12094,0,0),(359,12107,1,12097,0,0),(360,12108,1,12097,0,0),(361,12131,1,12061,0,0),(362,12132,1,12061,0,0),(363,12133,1,12011,902,195),(364,12134,1,12022,0,0),(365,12135,1,12041,0,0),(366,12136,1,12002,442,315),(367,12137,1,12003,0,0),(368,12138,1,12065,0,0),(369,12139,1,12001,2322,895),(370,12171,1,12061,0,0),(371,12172,1,12062,0,0),(372,12173,1,12011,0,0);
insert  into `map2map`(`id`,`mapid_src`,`doorid`,`mapid_dest`,`x`,`y`) values (373,12174,1,12011,0,0),(374,12175,1,12022,0,0),(375,12176,1,12031,902,295),(376,12177,1,12031,562,415),(377,12179,1,12003,362,195),(378,12180,1,12003,222,235),(379,12201,1,12061,1202,535),(380,12202,1,12011,0,0),(381,12203,1,12022,0,0),(382,12204,1,12001,1962,795),(383,12221,1,12062,0,0),(384,12222,1,12011,0,0),(385,12223,1,12001,2182,855),(386,12241,1,12061,0,0),(387,12242,1,12011,0,0),(388,12243,1,12022,0,0),(389,12244,1,12003,0,0),(390,12261,1,12062,0,0),(391,12262,1,12011,0,0),(392,12263,1,12001,642,975),(393,12281,1,12062,0,0),(394,12282,1,12011,0,0),(395,12301,1,12063,0,0),(396,12302,1,12011,0,0),(397,12303,1,12022,0,0),(398,12304,1,12002,1062,415),(399,12310,1,12051,0,0),(400,12401,1,12000,1242,635),(401,12401,2,12402,62,495),(402,12402,1,12401,1502,115),(403,12402,2,12403,62,375),(404,12403,1,12402,1542,515),(405,12403,2,12404,462,395),(406,12404,1,12403,222,275),(407,12411,1,12000,1242,635),(408,12411,2,12412,0,0),(409,12412,1,12411,0,0),(410,12412,2,12413,0,0),(411,12413,1,12412,0,0),(412,12421,1,12000,1242,635),(413,12421,2,12815,0,0),(414,12431,1,12000,1242,635),(415,12431,2,12432,102,515),(416,12432,1,12431,682,515),(417,12432,2,12809,0,0),(418,12441,1,12000,1242,635),(419,12501,1,12000,1242,635),(420,12501,2,12505,0,0);
insert  into `map2map`(`id`,`mapid_src`,`doorid`,`mapid_dest`,`x`,`y`) values (421,12502,1,12505,0,0),(422,12502,2,12506,0,0),(423,12502,3,12507,0,0),(424,12502,4,12504,0,0),(425,12502,5,12503,0,0),(426,12503,1,12502,0,0),(427,12503,2,12508,0,0),(428,12504,2,12502,0,0),(429,12505,1,12502,0,0),(430,12505,2,12501,0,0),(431,12506,1,12502,0,0),(432,12507,1,12502,0,0),(433,12508,1,12503,0,0),(434,12511,1,12042,0,0),(435,12511,2,12518,0,0),(436,12511,3,12519,0,0),(437,12511,4,12517,0,0),(438,12511,5,12516,0,0),(439,12512,1,12517,0,0),(440,12513,1,12516,0,0),(441,12514,1,12518,0,0),(442,12515,1,12519,0,0),(443,12516,1,12511,0,0),(444,12516,2,12513,0,0),(445,12517,1,12511,0,0),(446,12517,2,12512,0,0),(447,12518,1,12511,0,0),(448,12518,2,12514,0,0),(449,12519,1,12511,0,0),(450,12519,2,12515,0,0),(451,12521,1,12542,0,0),(452,12521,2,12530,0,0),(453,12521,3,12531,0,0),(454,12521,4,12529,0,0),(455,12521,5,12013,0,0),(456,12522,1,12529,0,0),(457,12522,2,12543,0,0),(458,12523,1,12530,0,0),(459,12523,2,12532,0,0),(460,12523,3,12533,0,0),(461,12523,4,12534,0,0),(462,12523,5,12535,0,0),(463,12523,6,12531,0,0),(464,12524,1,12532,0,0),(465,12524,2,12537,0,0),(466,12525,1,12536,0,0),(467,12525,2,12535,0,0),(468,12526,1,12533,0,0),(469,12526,2,12538,0,0),(470,12526,3,12539,0,0),(471,12526,4,12540,0,0),(472,12527,1,12538,0,0),(473,12527,2,12541,0,0);
insert  into `map2map`(`id`,`mapid_src`,`doorid`,`mapid_dest`,`x`,`y`) values (474,12528,1,12540,0,0),(475,12528,2,12544,0,0),(476,12529,1,12521,0,0),(477,12529,2,12522,0,0),(478,12530,1,12521,0,0),(479,12530,2,12523,0,0),(480,12531,1,12521,0,0),(481,12531,2,12523,0,0),(482,12532,1,12523,0,0),(483,12532,2,12524,0,0),(484,12533,1,12523,0,0),(485,12533,2,12526,0,0),(486,12534,1,12523,0,0),(487,12535,1,12523,0,0),(488,12535,2,12525,0,0),(489,12536,1,12525,0,0),(490,12537,1,12524,0,0),(491,12538,1,12526,0,0),(492,12538,2,12527,0,0),(493,12539,1,12526,0,0),(494,12540,1,12526,0,0),(495,12540,2,12528,0,0),(496,12541,1,12527,0,0),(497,12542,1,12521,0,0),(498,12543,1,12522,0,0),(499,12544,1,12528,0,0),(500,12544,2,12552,0,0),(501,12544,3,12553,0,0),(502,12544,4,12554,0,0),(503,12545,1,12553,0,0),(504,12545,2,12555,0,0),(505,12546,2,12558,0,0),(506,12547,1,12554,0,0),(507,12547,2,12557,0,0),(508,12547,3,12558,0,0),(509,12548,1,12558,0,0),(510,12548,2,12559,0,0),(511,12549,1,12559,0,0),(512,12549,2,12560,0,0),(513,12549,3,12561,0,0),(514,12550,1,12563,0,0),(515,12550,2,12560,0,0),(516,12551,1,12561,0,0),(517,12551,2,12562,0,0),(518,12552,1,12544,0,0),(519,12553,1,12544,0,0),(520,12553,2,12545,0,0),(521,12554,1,12544,0,0),(522,12554,2,12547,0,0),(523,12555,1,12545,0,0),(524,12557,1,12547,0,0),(525,12558,1,12547,0,0),(526,12558,2,12546,0,0);
insert  into `map2map`(`id`,`mapid_src`,`doorid`,`mapid_dest`,`x`,`y`) values (527,12558,3,12548,0,0),(528,12559,1,12548,0,0),(529,12559,2,12549,0,0),(530,12560,1,12549,0,0),(531,12560,2,12550,0,0),(532,12561,1,12549,0,0),(533,12561,2,12551,0,0),(534,12562,1,12551,0,0),(535,12563,1,12550,0,0),(536,12563,2,12568,0,0),(537,12564,1,12569,0,0),(538,12564,2,12568,0,0),(539,12565,1,12569,0,0),(540,12565,2,12570,0,0),(541,12566,1,12571,0,0),(542,12566,2,12570,0,0),(543,12567,1,12571,0,0),(544,12568,1,12563,0,0),(545,12568,2,12564,0,0),(546,12569,1,12564,0,0),(547,12569,2,12565,0,0),(548,12570,1,12565,0,0),(549,12570,2,12566,0,0),(550,12571,1,12566,0,0),(551,12571,2,12567,0,0),(552,12581,1,12582,0,0),(553,12581,2,12861,0,0),(554,12582,1,12581,0,0),(555,12582,2,12583,0,0),(556,12582,3,12584,0,0),(557,12583,1,12582,0,0),(558,12583,2,12585,0,0),(559,12583,3,12587,0,0),(560,12584,1,12582,0,0),(561,12584,2,12585,0,0),(562,12584,3,12588,0,0),(563,12585,1,12583,0,0),(564,12585,2,12584,0,0),(565,12585,3,12586,0,0),(566,12586,1,12585,0,0),(567,12587,1,12583,0,0),(568,12588,1,12584,0,0),(569,12588,2,12589,0,0),(570,12589,1,12588,0,0),(571,12591,1,12808,0,0),(572,12591,2,12592,0,0),(573,12592,1,12591,0,0),(574,12592,2,12593,0,0),(575,12593,1,12592,0,0),(576,12701,1,12992,0,0),(577,12701,2,12702,0,0),(578,12701,3,12703,0,0),(579,12701,4,12704,0,0);
insert  into `map2map`(`id`,`mapid_src`,`doorid`,`mapid_dest`,`x`,`y`) values (580,12701,5,12705,0,0),(581,12701,6,12706,0,0),(582,12702,1,12701,0,0),(583,12703,1,12701,0,0),(584,12704,1,12701,0,0),(585,12705,1,12701,0,0),(586,12706,1,12701,0,0),(587,12711,1,12001,1882,255),(588,12801,1,12000,1242,635),(589,12801,2,12804,142,335),(590,12802,1,12001,0,0),(591,12802,2,12803,0,0),(592,12803,1,12802,0,0),(593,12803,2,12807,0,0),(594,12804,1,12801,2322,235),(595,12804,2,12805,202,215),(596,12805,1,12804,2342,355),(597,12806,1,12000,1242,635),(598,12806,2,12830,0,0),(599,12807,1,12001,2282,1655),(600,12807,2,12803,0,0),(601,12808,1,12003,0,0),(602,12808,2,12591,0,0),(603,12809,1,12432,1415,377),(604,12809,2,20501,0,0),(605,12811,1,12000,1242,635),(606,12815,1,12421,0,0),(607,12815,2,12816,0,0),(608,12815,5,19000,0,0),(609,12816,1,12817,0,0),(610,12816,2,12815,0,0),(611,12817,1,12818,0,0),(612,12817,2,12816,0,0),(613,12818,1,12819,0,0),(614,12818,2,12817,0,0),(615,12819,1,12818,0,0),(616,12819,2,12820,0,0),(617,12820,1,12819,0,0),(618,12821,1,12000,1242,635),(619,12821,2,12822,2382,355),(620,12822,1,12821,182,195),(621,12822,2,12823,1482,215),(622,12823,1,12822,122,335),(623,12823,2,12824,242,255),(624,12824,1,12823,1362,1195),(625,12825,1,12031,0,0),(626,12825,2,12826,0,0),(627,12826,1,12825,0,0),(628,12826,2,12827,0,0);
insert  into `map2map`(`id`,`mapid_src`,`doorid`,`mapid_dest`,`x`,`y`) values (629,12827,1,12826,0,0),(630,12827,2,12828,0,0),(631,12828,1,12827,0,0),(632,12828,2,12829,0,0),(633,12829,1,12828,0,0),(634,12829,2,12830,0,0),(635,12830,1,12829,0,0),(636,12830,2,12806,0,0),(637,12831,1,12000,1242,635),(638,12841,1,12842,0,0),(639,12842,1,12000,1242,635),(640,12842,2,12841,0,0),(641,12851,1,12000,1242,635),(642,12851,2,12852,0,0),(643,12852,1,12000,1242,635),(644,12852,2,12853,0,0),(645,12853,2,12854,0,0),(646,12853,4,12855,0,0),(647,12854,2,12853,0,0),(648,12855,1,12853,0,0),(649,12861,1,12000,1242,635),(650,12861,2,12581,0,0),(651,12861,4,12862,0,0),(652,12862,1,12861,0,0),(653,12871,1,12000,1242,635),(654,12881,1,12000,1242,635),(655,12881,4,12882,0,0),(656,12882,1,12881,0,0),(657,12891,1,12011,0,0),(658,12901,1,12000,1242,635),(659,12990,1,12061,0,0),(660,12991,1,12011,0,0),(661,12992,1,12000,1242,635),(662,12992,2,12701,0,0),(663,13000,1,12000,1242,635),(664,13000,2,22000,0,0),(665,13000,3,11000,0,0),(666,13000,4,13411,0,0),(667,13000,5,13003,122,455),(668,13000,6,13421,0,0),(669,13000,7,13441,0,0),(670,13000,8,13011,0,0),(671,13000,9,13821,0,0),(672,13000,10,13461,0,0),(673,13000,11,13021,0,0),(674,13000,12,13061,0,0),(675,13000,13,13801,0,0),(676,13000,14,13871,0,0),(677,13000,15,13851,0,0),(678,13000,16,13811,0,0);
insert  into `map2map`(`id`,`mapid_src`,`doorid`,`mapid_dest`,`x`,`y`) values (679,13000,17,13504,0,0),(680,13000,18,13501,0,0),(681,13000,19,13831,0,0),(682,13000,20,13841,0,0),(683,13000,21,13861,0,0),(684,13000,22,13511,0,0),(685,13000,23,13881,0,0),(686,13000,24,13451,0,0),(687,13000,25,15403,0,0),(688,13000,27,21501,0,0),(689,13000,28,13471,0,0),(690,13000,29,13491,222,215),(691,13001,1,13434,0,0),(692,13001,2,13002,0,0),(693,13002,1,13001,0,0),(694,13002,2,13201,0,0),(695,13002,3,13261,0,0),(696,13002,4,13241,0,0),(697,13002,5,13171,0,0),(698,13002,6,13221,0,0),(699,13002,7,13131,0,0),(700,13002,8,13102,0,0),(701,13002,9,13281,0,0),(702,13002,10,13301,0,0),(703,13002,11,13101,0,0),(704,13002,12,13003,1222,395),(705,13002,13,13004,1242,155),(706,13003,1,13002,102,335),(707,13003,2,13302,0,0),(708,13003,3,13000,602,635),(709,13004,1,13002,202,1115),(710,13004,2,13990,122,655),(711,13004,3,13182,0,0),(712,13004,4,13137,0,0),(713,13004,5,13181,0,0),(714,13004,6,13138,0,0),(715,13011,1,13012,0,0),(716,13011,2,13000,0,0),(717,13012,1,13132,0,0),(718,13012,2,13303,0,0),(719,13012,3,13172,0,0),(720,13012,4,13222,0,0),(721,13012,5,13202,0,0),(722,13012,6,13242,0,0),(723,13012,7,13011,0,0),(724,13012,8,13013,0,0),(725,13012,9,13014,0,0),(726,13013,1,13173,0,0),(727,13013,2,13104,0,0),(728,13013,3,13262,0,0),(729,13013,4,13103,0,0);
insert  into `map2map`(`id`,`mapid_src`,`doorid`,`mapid_dest`,`x`,`y`) values (730,13013,5,13012,0,0),(731,13013,6,13015,0,0),(732,13014,1,13012,0,0),(733,13015,1,13013,0,0),(734,13015,2,13308,0,0),(735,13021,1,13022,0,0),(736,13021,2,13000,0,0),(737,13022,1,13021,0,0),(738,13022,2,13174,0,0),(739,13022,3,13223,0,0),(740,13022,4,13243,0,0),(741,13022,5,13133,0,0),(742,13022,6,13105,0,0),(743,13022,7,13023,0,0),(744,13023,1,13022,0,0),(745,13023,2,13511,0,0),(746,13031,1,13032,0,0),(747,13031,2,13811,0,0),(748,13032,1,13031,0,0),(749,13032,2,13203,0,0),(750,13032,3,13244,0,0),(751,13032,4,13304,0,0),(752,13032,5,13175,0,0),(753,13032,6,13134,0,0),(754,13041,1,13042,0,0),(755,13041,2,13821,0,0),(756,13042,1,13041,0,0),(757,13042,2,13043,0,0),(758,13042,3,13224,0,0),(759,13042,4,13245,0,0),(760,13042,5,13106,0,0),(761,13042,6,13176,0,0),(762,13043,1,13042,0,0),(763,13043,2,13541,0,0),(764,13051,1,13851,0,0),(765,13051,2,13282,0,0),(766,13051,3,13178,0,0),(767,13051,4,13177,0,0),(768,13051,5,13107,0,0),(769,13051,6,13108,0,0),(770,13051,7,13135,0,0),(771,13051,8,13246,0,0),(772,13051,9,13852,0,0),(773,13061,1,13000,0,0),(774,13061,2,13136,0,0),(775,13061,3,13179,0,0),(776,13061,4,13180,0,0),(777,13061,5,13109,0,0),(778,13101,1,13002,0,0),(779,13102,1,13002,0,0),(780,13103,1,13013,0,0),(781,13104,1,13013,0,0),(782,13105,1,13022,0,0);
insert  into `map2map`(`id`,`mapid_src`,`doorid`,`mapid_dest`,`x`,`y`) values (783,13106,1,13042,0,0),(784,13107,1,13051,0,0),(785,13108,1,13051,0,0),(786,13109,1,13061,0,0),(787,13131,1,13002,0,0),(788,13132,1,13012,0,0),(789,13133,1,13022,0,0),(790,13134,1,13032,0,0),(791,13135,1,13051,0,0),(792,13136,1,13061,0,0),(793,13137,1,13004,0,0),(794,13138,1,13004,0,0),(795,13171,1,13002,0,0),(796,13174,1,13022,0,0),(797,13175,1,13032,0,0),(798,13176,1,13042,0,0),(799,13177,1,13051,0,0),(800,13178,1,13051,0,0),(801,13179,1,13061,0,0),(802,13180,1,13061,0,0),(803,13181,1,13004,0,0),(804,13182,1,13004,0,0),(805,13201,1,13002,0,0),(806,13202,1,13012,0,0),(807,13203,1,13032,0,0),(808,13221,1,13002,0,0),(809,13222,1,13012,0,0),(810,13223,1,13022,0,0),(811,13224,1,13042,0,0),(812,13241,1,13002,0,0),(813,13242,1,13012,0,0),(814,13243,1,13022,0,0),(815,13244,1,13032,0,0),(816,13245,1,13042,0,0),(817,13246,1,13051,0,0),(818,13261,1,13002,0,0),(819,13262,1,13013,0,0),(820,13281,1,13002,0,0),(821,13282,1,13051,0,0),(822,13301,1,13002,0,0),(823,13302,1,13003,0,0),(824,13303,1,13012,0,0),(825,13304,1,13032,0,0),(826,13308,1,13015,0,0),(827,13401,1,13881,0,0),(828,13404,1,13405,0,0),(829,13404,2,13891,0,0),(830,13404,4,13885,0,0),(831,13405,1,13404,0,0),(832,13405,2,13406,0,0),(833,13406,1,13405,0,0),(834,13406,2,13407,0,0),(835,13407,1,13406,0,0);
insert  into `map2map`(`id`,`mapid_src`,`doorid`,`mapid_dest`,`x`,`y`) values (836,13407,2,13881,0,0),(837,13411,1,13464,0,0),(838,13411,2,13412,0,0),(839,13412,1,13411,0,0),(840,13412,2,13891,0,0),(841,13413,1,13891,0,0),(842,13413,2,13414,0,0),(843,13414,1,13413,0,0),(844,13414,2,13464,0,0),(845,13421,1,13000,0,0),(846,13421,2,13422,0,0),(847,13422,1,13423,0,0),(848,13422,2,13421,0,0),(849,13423,1,13431,0,0),(850,13423,2,13426,0,0),(851,13423,3,13425,0,0),(852,13423,4,13424,0,0),(853,13423,5,13427,0,0),(854,13424,1,13423,0,0),(855,13425,1,13423,0,0),(856,13426,1,13423,0,0),(857,13427,1,13423,0,0),(858,13427,2,13428,0,0),(859,13428,1,13427,0,0),(860,13428,2,13000,0,0),(861,13431,1,13423,0,0),(862,13431,2,13432,0,0),(863,13432,1,13433,0,0),(864,13432,2,13431,0,0),(865,13433,1,13437,0,0),(866,13433,2,13435,0,0),(867,13433,3,13436,0,0),(868,13433,4,13434,0,0),(869,13434,1,13433,0,0),(870,13435,1,13561,0,0),(871,13435,2,13433,0,0),(872,13436,1,13571,0,0),(873,13436,2,13433,0,0),(874,13437,1,13433,0,0),(875,13437,2,13438,0,0),(876,13438,1,13437,0,0),(877,13438,2,13423,0,0),(878,13441,1,13000,0,0),(879,13441,2,13442,0,0),(880,13442,1,13441,0,0),(881,13442,2,13443,0,0),(882,13442,3,13444,0,0),(883,13442,4,13445,0,0),(884,13442,5,13446,0,0),(885,13442,6,13447,0,0),(886,13443,1,13448,0,0),(887,13443,2,13449,0,0),(888,13443,3,13442,0,0);
insert  into `map2map`(`id`,`mapid_src`,`doorid`,`mapid_dest`,`x`,`y`) values (889,13444,1,13442,0,0),(890,13445,1,13442,0,0),(891,13446,1,13442,0,0),(892,13447,1,13442,0,0),(893,13448,1,13443,0,0),(894,13449,1,13443,0,0),(895,13451,1,13000,0,0),(896,13451,2,13452,0,0),(897,13452,1,13451,0,0),(898,13452,2,13453,0,0),(899,13453,1,13452,0,0),(900,13453,2,13454,0,0),(901,13454,1,13453,0,0),(902,13454,2,13455,0,0),(903,13454,3,13456,0,0),(904,13454,4,13457,0,0),(905,13455,1,13454,0,0),(906,13456,1,13454,0,0),(907,13457,1,13454,0,0),(908,13461,1,13000,0,0),(909,13461,2,13462,0,0),(910,13462,1,13461,0,0),(911,13462,2,13463,0,0),(912,13463,1,13462,0,0),(913,13463,2,13464,0,0),(914,13464,1,13463,0,0),(915,13464,2,13411,0,0),(916,13471,1,13474,0,0),(917,13471,2,13475,0,0),(918,13471,3,13476,0,0),(919,13471,4,13477,0,0),(920,13471,5,13472,0,0),(921,13471,6,13000,0,0),(922,13471,7,13483,0,0),(923,13472,1,13471,0,0),(924,13472,2,13478,0,0),(925,13472,3,13473,0,0),(926,13473,1,13472,0,0),(927,13473,2,13479,0,0),(928,13473,3,13480,0,0),(929,13473,4,13481,0,0),(930,13473,5,13482,0,0),(931,13474,1,13471,0,0),(932,13475,1,13471,0,0),(933,13476,1,13471,0,0),(934,13477,1,13471,0,0),(935,13478,1,13472,0,0),(936,13479,1,13473,0,0),(937,13480,1,13473,0,0),(938,13481,1,13473,0,0),(939,13482,1,13473,0,0),(940,13483,1,13471,0,0),(941,13483,2,13484,0,0);
insert  into `map2map`(`id`,`mapid_src`,`doorid`,`mapid_dest`,`x`,`y`) values (942,13484,1,13483,0,0),(943,13491,1,13000,362,355),(944,13501,1,13505,0,0),(945,13501,2,13000,0,0),(946,13502,1,13506,0,0),(947,13502,2,13505,0,0),(948,13503,1,13507,0,0),(949,13503,2,13506,0,0),(950,13504,1,13507,0,0),(951,13504,2,13000,0,0),(952,13505,1,13501,0,0),(953,13505,2,13502,0,0),(954,13506,1,13502,0,0),(955,13506,2,13503,0,0),(956,13507,1,13503,0,0),(957,13507,2,13504,0,0),(958,13511,1,13023,0,0),(959,13511,2,13521,0,0),(960,13512,1,13521,0,0),(961,13512,2,13522,0,0),(962,13512,3,13513,0,0),(963,13512,4,13520,0,0),(964,13513,1,13512,0,0),(965,13513,2,13526,0,0),(966,13513,3,13527,0,0),(967,13514,1,13521,0,0),(968,13515,1,13520,0,0),(969,13515,2,13523,0,0),(970,13516,1,13523,0,0),(971,13516,2,13525,0,0),(972,13517,1,13523,0,0),(973,13517,2,13524,0,0),(974,13518,2,13513,0,0),(975,13519,1,13528,0,0),(976,13520,1,13512,0,0),(977,13520,2,13515,0,0),(978,13521,1,13511,0,0),(979,13521,2,13514,0,0),(980,13521,3,13512,0,0),(981,13522,1,13512,0,0),(982,13523,1,13515,0,0),(983,13523,2,13517,0,0),(984,13523,3,13516,0,0),(985,13524,1,13517,0,0),(986,13525,1,13516,0,0),(987,13527,1,13513,0,0),(988,13528,1,13518,0,0),(989,13541,1,13043,0,0),(990,13541,2,13546,0,0),(991,13541,3,13548,0,0),(992,13542,1,13548,0,0),(993,13542,2,13544,0,0),(994,13543,1,13548,0,0);
insert  into `map2map`(`id`,`mapid_src`,`doorid`,`mapid_dest`,`x`,`y`) values (995,13543,2,13545,0,0),(996,13544,1,13542,0,0),(997,13545,1,13543,0,0),(998,13546,1,13541,0,0),(999,13546,2,13550,0,0),(1000,13546,3,13551,0,0),(1001,13546,4,13552,0,0),(1002,13546,5,13553,0,0),(1003,13546,6,13549,0,0),(1004,13547,1,13549,0,0),(1005,13547,2,13554,0,0),(1006,13548,1,13541,0,0),(1007,13548,2,13542,0,0),(1008,13548,3,13543,0,0),(1009,13549,1,13546,0,0),(1010,13549,2,13547,0,0),(1011,13550,1,13546,0,0),(1012,13551,1,13546,0,0),(1013,13552,1,13546,0,0),(1014,13553,1,13546,0,0),(1015,13554,1,13547,0,0),(1016,13561,1,13562,0,0),(1017,13561,2,13435,0,0),(1018,13562,1,13563,0,0),(1019,13562,2,13561,0,0),(1020,13563,1,13562,0,0),(1021,13563,2,13564,0,0),(1022,13564,1,13565,0,0),(1023,13565,1,13564,0,0),(1024,13565,2,13566,0,0),(1025,13566,1,13565,0,0),(1026,13571,1,13572,0,0),(1027,13571,2,13573,0,0),(1028,13571,3,13436,0,0),(1029,13572,1,13571,0,0),(1030,13572,2,13574,0,0),(1031,13573,1,13578,0,0),(1032,13573,2,13571,0,0),(1033,13574,1,13575,0,0),(1034,13574,2,13576,0,0),(1035,13574,3,13572,0,0),(1036,13574,4,13581,0,0),(1037,13574,5,13577,0,0),(1038,13575,1,13574,0,0),(1039,13576,1,13574,0,0),(1040,13577,1,13574,0,0),(1041,13578,1,13582,0,0),(1042,13578,2,13579,0,0),(1043,13578,3,13573,0,0),(1044,13578,4,13580,0,0),(1045,13579,1,13578,0,0);
insert  into `map2map`(`id`,`mapid_src`,`doorid`,`mapid_dest`,`x`,`y`) values (1046,13580,1,13578,0,0),(1047,13581,1,13583,0,0),(1048,13581,2,13574,0,0),(1049,13582,1,13578,0,0),(1050,13582,2,13585,0,0),(1051,13583,1,13581,0,0),(1052,13583,2,13584,0,0),(1053,13583,3,13588,0,0),(1054,13584,1,13583,0,0),(1055,13585,1,13588,0,0),(1056,13585,2,13582,0,0),(1057,13585,3,13587,0,0),(1058,13585,4,13586,0,0),(1059,13586,1,13585,0,0),(1060,13587,1,13585,0,0),(1061,13588,1,13583,0,0),(1062,13588,2,13585,0,0),(1063,13801,1,13000,0,0),(1064,13801,2,13802,0,0),(1065,13802,1,13801,0,0),(1066,13802,2,13803,0,0),(1067,13803,1,13802,0,0),(1068,13811,1,13812,0,0),(1069,13811,2,13031,0,0),(1070,13811,3,13000,0,0),(1071,13812,1,13811,0,0),(1072,13821,1,13041,0,0),(1073,13821,2,13000,0,0),(1074,13831,1,13000,0,0),(1075,13831,3,13832,0,0),(1076,13832,1,13831,0,0),(1077,13841,1,13000,0,0),(1078,13841,2,13842,0,0),(1079,13842,1,13843,0,0),(1080,13842,2,13841,0,0),(1081,13843,1,13842,0,0),(1082,13851,1,13000,0,0),(1083,13851,2,13051,0,0),(1084,13852,1,13051,0,0),(1085,13852,2,13854,0,0),(1086,13852,3,13853,0,0),(1087,13853,1,13852,0,0),(1088,13854,2,13855,0,0),(1089,13854,3,13852,0,0),(1090,13855,1,13854,0,0),(1091,13855,2,13856,0,0),(1092,13856,1,13855,0,0),(1093,13861,1,13000,0,0),(1094,13871,1,13000,0,0),(1095,13871,2,13872,0,0),(1096,13872,1,13871,0,0);
insert  into `map2map`(`id`,`mapid_src`,`doorid`,`mapid_dest`,`x`,`y`) values (1097,13881,1,13000,0,0),(1098,13881,2,13884,0,0),(1099,13881,3,13882,0,0),(1100,13881,4,13883,0,0),(1101,13881,5,13401,0,0),(1102,13882,1,13881,0,0),(1103,13883,1,13881,0,0),(1104,13884,1,13881,0,0),(1105,13885,1,13404,0,0),(1106,13891,1,13892,0,0),(1107,13891,2,13404,0,0),(1108,13891,3,13413,0,0),(1109,13892,1,13891,0,0),(1110,13990,1,13004,1222,875),(1111,14000,1,13000,0,0),(1112,14000,2,14011,0,0),(1113,14000,3,14001,0,0),(1114,14000,5,14421,0,0),(1115,14000,6,14821,0,0),(1116,14000,7,14831,0,0),(1117,14000,8,14811,0,0),(1118,14000,9,14801,0,0),(1119,14000,10,14506,0,0),(1120,14000,11,14501,0,0),(1121,14000,12,14523,0,0),(1122,14000,13,14521,0,0),(1123,14000,14,14841,0,0),(1124,14000,15,14431,0,0),(1125,14000,16,14403,0,0),(1126,14000,17,14411,0,0),(1127,14000,18,14851,0,0),(1128,14000,19,14871,0,0),(1129,14001,1,22000,1222,1695),(1130,14001,2,14002,982,955),(1131,14002,1,14001,222,395),(1132,14002,2,14301,0,0),(1133,14002,3,14281,0,0),(1134,14002,4,14101,0,0),(1135,14002,5,14221,0,0),(1136,14002,6,14241,0,0),(1137,14002,7,14171,0,0),(1138,14002,8,14003,0,0),(1139,14003,1,14002,0,0),(1140,14003,2,14261,0,0),(1141,14003,3,14201,0,0),(1142,14003,4,14131,0,0),(1143,14011,1,22000,0,0),(1144,14011,2,14132,0,0),(1145,14011,3,14173,0,0);
insert  into `map2map`(`id`,`mapid_src`,`doorid`,`mapid_dest`,`x`,`y`) values (1146,14011,4,14172,0,0),(1147,14011,5,14174,0,0),(1148,14011,6,14551,0,0),(1149,14101,1,14002,0,0),(1150,14131,1,14003,0,0),(1151,14132,1,14011,0,0),(1152,14171,1,14002,0,0),(1153,14172,1,14011,0,0),(1154,14173,1,14011,0,0),(1155,14174,1,14011,0,0),(1156,14201,1,14003,0,0),(1157,14221,1,14002,0,0),(1158,14241,1,14002,0,0),(1159,14261,1,14003,0,0),(1160,14281,1,14002,0,0),(1161,14301,1,14002,0,0),(1162,14403,1,14404,0,0),(1163,14403,2,22000,0,0),(1164,14404,1,14403,0,0),(1165,14404,2,13404,0,0),(1166,14411,1,22000,0,0),(1167,14411,2,14412,0,0),(1168,14412,1,14411,0,0),(1169,14412,2,14861,0,0),(1170,14413,1,14414,0,0),(1171,14413,2,14861,0,0),(1172,14414,1,22000,0,0),(1173,14414,2,14413,0,0),(1174,14421,1,14422,0,0),(1175,14421,2,22000,0,0),(1176,14422,1,14421,0,0),(1177,14422,2,14423,0,0),(1178,14423,1,14422,0,0),(1179,14423,2,14424,0,0),(1180,14424,1,14423,0,0),(1181,14424,2,14425,0,0),(1182,14425,1,14424,0,0),(1183,14431,1,22000,0,0),(1184,14441,1,22000,0,0),(1185,14501,1,22000,0,0),(1186,14501,2,14508,0,0),(1187,14501,3,14507,0,0),(1188,14502,1,14507,0,0),(1189,14502,2,14509,0,0),(1190,14503,1,14508,0,0),(1191,14503,2,14509,0,0),(1192,14504,1,14509,0,0),(1193,14504,2,14510,0,0),(1194,14505,1,14510,0,0),(1195,14505,2,14511,0,0),(1196,14506,1,22000,0,0);
insert  into `map2map`(`id`,`mapid_src`,`doorid`,`mapid_dest`,`x`,`y`) values (1197,14507,1,14501,0,0),(1198,14507,2,14502,0,0),(1199,14508,1,14501,0,0),(1200,14508,2,14503,0,0),(1201,14509,1,14504,0,0),(1202,14509,2,14502,0,0),(1203,14509,3,14503,0,0),(1204,14510,1,14505,0,0),(1205,14510,2,14504,0,0),(1206,14511,1,14506,0,0),(1207,14511,2,14505,0,0),(1208,14521,1,22000,0,0),(1209,14521,2,14533,0,0),(1210,14522,1,14534,0,0),(1211,14522,2,14533,0,0),(1212,14523,1,22000,0,0),(1213,14523,2,14534,0,0),(1214,14524,1,14535,0,0),(1215,14524,2,14534,0,0),(1216,14524,3,14536,0,0),(1217,14525,1,14537,0,0),(1218,14526,1,14537,0,0),(1219,14526,2,14535,0,0),(1220,14527,1,14535,0,0),(1221,14528,1,14535,0,0),(1222,14529,1,14536,0,0),(1223,14530,1,14538,0,0),(1224,14530,2,14536,0,0),(1225,14531,1,14538,0,0),(1226,14532,1,14536,0,0),(1227,14533,1,14521,0,0),(1228,14533,2,14522,0,0),(1229,14533,3,14524,0,0),(1230,14534,1,14523,0,0),(1231,14534,2,14524,0,0),(1232,14534,3,14522,0,0),(1233,14535,1,14527,0,0),(1234,14535,2,14524,0,0),(1235,14535,3,14528,0,0),(1236,14535,4,14526,0,0),(1237,14536,1,14532,0,0),(1238,14536,2,14524,0,0),(1239,14536,3,14529,0,0),(1240,14536,4,14530,0,0),(1241,14537,1,14525,0,0),(1242,14537,2,14526,0,0),(1243,14538,1,14531,0,0),(1244,14538,2,14530,0,0),(1245,14541,1,14544,0,0),(1246,14541,2,14542,0,0),(1247,14541,3,22000,0,0);
insert  into `map2map`(`id`,`mapid_src`,`doorid`,`mapid_dest`,`x`,`y`) values (1248,14542,1,14541,0,0),(1249,14542,2,14543,0,0),(1250,14543,1,14542,0,0),(1251,14544,1,14541,0,0),(1252,14544,2,14545,0,0),(1253,14545,1,14544,0,0),(1254,14551,1,14011,0,0),(1255,14551,2,14552,0,0),(1256,14551,3,14559,0,0),(1257,14552,1,14551,0,0),(1258,14552,2,14553,0,0),(1259,14552,3,14555,0,0),(1260,14553,1,14552,0,0),(1261,14553,2,14554,0,0),(1262,14553,3,14557,0,0),(1263,14554,1,14553,0,0),(1264,14555,1,14556,0,0),(1265,14555,2,14557,0,0),(1266,14555,3,14552,0,0),(1267,14556,1,14555,0,0),(1268,14557,1,14558,0,0),(1269,14557,2,14553,0,0),(1270,14557,3,14555,0,0),(1271,14558,1,14557,0,0),(1272,14559,1,14551,0,0),(1273,14559,2,14560,0,0),(1274,14559,3,14562,0,0),(1275,14560,1,14559,0,0),(1276,14560,2,14561,0,0),(1277,14560,3,14564,0,0),(1278,14561,1,14560,0,0),(1279,14562,1,14564,0,0),(1280,14562,2,14559,0,0),(1281,14562,3,14563,0,0),(1282,14563,1,14562,0,0),(1283,14564,1,14560,0,0),(1284,14564,2,14562,0,0),(1285,14564,3,14565,0,0),(1286,14565,1,14564,0,0),(1287,14571,1,14851,0,0),(1288,14571,2,14572,0,0),(1289,14572,1,14571,0,0),(1290,14572,2,14573,0,0),(1291,14573,1,14572,0,0),(1292,14573,2,14574,0,0),(1293,14573,3,14575,0,0),(1294,14573,4,14577,0,0),(1295,14574,1,14573,0,0),(1296,14574,2,14576,0,0),(1297,14575,1,14573,0,0),(1298,14575,2,14578,0,0);
insert  into `map2map`(`id`,`mapid_src`,`doorid`,`mapid_dest`,`x`,`y`) values (1299,14576,1,14574,0,0),(1300,14576,2,14579,0,0),(1301,14576,3,14577,0,0),(1302,14577,1,14576,0,0),(1303,14577,2,14573,0,0),(1304,14577,3,14578,0,0),(1305,14578,1,14581,0,0),(1306,14578,2,14575,0,0),(1307,14578,3,14577,0,0),(1308,14579,1,14576,0,0),(1309,14579,2,14580,0,0),(1310,14580,1,14579,0,0),(1311,14580,2,14581,0,0),(1312,14580,3,14582,0,0),(1313,14581,1,14580,0,0),(1314,14581,2,14578,0,0),(1315,14582,1,14580,0,0),(1316,14582,2,14583,0,0),(1317,14583,1,14582,0,0),(1318,14583,2,14584,0,0),(1319,14584,1,14583,0,0),(1320,14584,2,14585,0,0),(1321,14585,1,14586,0,0),(1322,14585,2,14588,0,0),(1323,14585,3,14587,0,0),(1324,14585,4,14584,0,0),(1325,14586,1,14585,0,0),(1326,14587,1,14585,0,0),(1327,14588,1,14585,0,0),(1328,14588,2,14589,0,0),(1329,14588,3,14591,0,0),(1330,14589,1,14588,0,0),(1331,14589,2,14590,0,0),(1332,14589,3,14593,0,0),(1333,14590,1,14589,0,0),(1334,14591,1,14592,0,0),(1335,14591,2,14593,0,0),(1336,14591,3,14588,0,0),(1337,14592,1,14591,0,0),(1338,14593,1,14589,0,0),(1339,14593,2,14591,0,0),(1340,14593,3,14594,0,0),(1341,14594,3,14596,0,0),(1342,14594,4,14597,0,0),(1343,14597,1,14594,0,0),(1344,14597,2,14598,0,0),(1345,14598,1,14599,0,0),(1346,14598,2,14597,0,0),(1347,14599,1,14598,0,0),(1348,14599,2,14600,0,0),(1349,14600,1,14599,0,0);
insert  into `map2map`(`id`,`mapid_src`,`doorid`,`mapid_dest`,`x`,`y`) values (1350,14600,2,14601,0,0),(1351,14601,1,14605,0,0),(1352,14601,2,14600,0,0),(1353,14601,3,14602,0,0),(1354,14602,1,14601,0,0),(1355,14602,2,14603,0,0),(1356,14602,3,14604,0,0),(1357,14602,4,14608,0,0),(1358,14603,1,14602,0,0),(1359,14604,1,14602,0,0),(1360,14605,3,14606,0,0),(1361,14605,4,14609,0,0),(1362,14606,1,14605,0,0),(1363,14608,1,14602,0,0),(1364,14608,2,14610,0,0),(1365,14609,1,14605,0,0),(1366,14609,2,14610,0,0),(1367,14610,1,14608,0,0),(1368,14610,2,14609,0,0),(1369,14610,3,14611,0,0),(1370,14611,1,14610,0,0),(1371,14611,2,14612,0,0),(1372,14612,1,14611,0,0),(1373,14612,2,14613,0,0),(1374,14613,2,14614,0,0),(1375,14801,1,22000,0,0),(1376,14801,3,14805,0,0),(1377,14805,1,14801,0,0),(1378,14811,1,22000,0,0),(1379,14811,2,14812,0,0),(1380,14812,1,14811,0,0),(1381,14812,2,14813,0,0),(1382,14813,1,14814,0,0),(1383,14813,2,14812,0,0),(1384,14814,1,14813,0,0),(1385,14814,2,14816,0,0),(1386,14814,3,14815,0,0),(1387,14816,1,14814,0,0),(1388,14821,1,22000,0,0),(1389,14821,2,14822,0,0),(1390,14822,1,14821,0,0),(1391,14822,2,14823,0,0),(1392,14823,1,14822,0,0),(1393,14831,1,22000,0,0),(1394,14831,2,14832,0,0),(1395,14832,1,14833,0,0),(1396,14832,2,14836,0,0),(1397,14832,3,14835,0,0),(1398,14832,4,14831,0,0),(1399,14833,1,14832,0,0),(1400,14833,2,14834,0,0);
insert  into `map2map`(`id`,`mapid_src`,`doorid`,`mapid_dest`,`x`,`y`) values (1401,14835,1,14832,0,0),(1402,14836,1,14832,0,0),(1403,14841,1,22000,262,1135),(1404,14841,2,14842,0,0),(1405,14842,1,14841,0,0),(1406,14842,2,14843,0,0),(1407,14843,1,14842,0,0),(1408,14843,2,14844,0,0),(1409,14843,3,14845,0,0),(1410,14844,1,14843,0,0),(1411,14845,1,14843,0,0),(1412,14851,1,22000,0,0),(1413,14851,2,14571,0,0),(1414,14851,3,14852,0,0),(1415,14852,1,14851,0,0),(1416,14861,1,14413,0,0),(1417,14861,2,14862,0,0),(1418,14862,1,14861,0,0),(1419,14862,2,24000,0,0),(1420,14871,1,14872,0,0),(1421,14871,2,22000,0,0),(1422,14872,1,14871,0,0),(1423,15000,1,15510,0,0),(1424,15000,2,11000,0,0),(1425,15000,3,15901,0,0),(1426,15000,4,15401,0,0),(1427,15000,5,15411,0,0),(1428,15000,6,15801,0,0),(1429,15000,7,15031,0,0),(1430,15000,8,15521,0,0),(1431,15000,9,15011,0,0),(1432,15000,10,15831,0,0),(1433,15000,11,15001,0,0),(1434,15000,12,15541,0,0),(1435,15000,13,15441,0,0),(1436,15000,14,15821,0,0),(1437,15000,15,15021,0,0),(1438,15000,16,15421,0,0),(1439,15000,17,15481,0,0),(1440,15000,18,15451,0,0),(1441,15000,19,15851,0,0),(1442,15000,20,15841,0,0),(1443,15000,21,15491,0,0),(1444,15000,22,15431,0,0),(1445,15000,25,18801,0,0),(1446,15000,26,18000,0,0),(1447,15000,28,15861,0,0),(1448,15000,29,15871,0,0),(1449,15000,30,15701,0,0),(1450,15001,1,15002,0,0);
insert  into `map2map`(`id`,`mapid_src`,`doorid`,`mapid_dest`,`x`,`y`) values (1451,15001,2,15000,0,0),(1452,15002,1,15001,0,0),(1453,15002,2,15241,0,0),(1454,15002,3,15261,0,0),(1455,15002,4,15221,0,0),(1456,15002,5,15131,0,0),(1457,15002,6,15301,0,0),(1458,15002,7,15171,0,0),(1459,15002,8,15003,0,0),(1460,15003,1,15002,0,0),(1461,15003,2,15103,0,0),(1462,15003,3,15304,0,0),(1463,15304,1,15003,0,0),(1464,15011,1,15012,0,0),(1465,15011,2,15000,0,0),(1466,15012,1,15242,0,0),(1467,15012,2,15201,0,0),(1468,15012,3,15172,0,0),(1469,15012,4,15101,0,0),(1470,15012,5,15132,0,0),(1471,15012,6,15011,0,0),(1472,15012,9,15013,0,0),(1473,15012,10,15014,0,0),(1474,15013,1,15012,0,0),(1475,15014,1,15012,0,0),(1476,15014,2,15104,0,0),(1477,15014,3,15307,0,0),(1478,15021,1,15022,0,0),(1479,15021,2,15000,0,0),(1480,15022,1,15021,0,0),(1481,15022,2,15202,0,0),(1482,15022,3,15243,0,0),(1483,15022,4,15133,0,0),(1484,15022,6,15173,0,0),(1485,15022,7,15023,0,0),(1486,15022,9,15024,0,0),(1487,15023,1,15022,0,0),(1488,15023,2,15561,0,0),(1489,15024,1,15022,0,0),(1490,15024,2,15262,0,0),(1491,15031,1,15000,0,0),(1492,15031,2,15303,0,0),(1493,15031,3,15102,0,0),(1494,15031,4,15134,0,0),(1495,15031,5,15174,0,0),(1496,15101,1,15012,0,0),(1497,15102,1,15031,0,0),(1498,15104,1,15014,0,0),(1499,15131,1,15002,0,0),(1500,15132,1,15012,0,0),(1501,15133,1,15022,0,0);
insert  into `map2map`(`id`,`mapid_src`,`doorid`,`mapid_dest`,`x`,`y`) values (1502,15134,1,15031,0,0),(1503,15171,1,15002,0,0),(1504,15172,1,15012,0,0),(1505,15173,1,15022,0,0),(1506,15174,1,15031,0,0),(1507,15201,1,15012,0,0),(1508,15202,1,15022,0,0),(1509,15221,1,15002,0,0),(1510,15241,1,15002,0,0),(1511,15242,1,15012,0,0),(1512,15243,1,15022,0,0),(1513,15261,1,15002,0,0),(1514,15262,1,15024,0,0),(1515,15301,1,15002,0,0),(1516,15303,1,15031,0,0),(1517,15307,1,15014,0,0),(1518,15401,1,15000,0,0),(1519,15401,2,15402,0,0),(1520,15402,1,15401,0,0),(1521,15403,1,13000,0,0),(1522,15403,2,15404,0,0),(1523,15404,1,15403,0,0),(1524,15404,2,15000,0,0),(1525,15411,1,15000,0,0),(1526,15411,2,15412,0,0),(1527,15412,1,15411,0,0),(1528,15412,2,15413,0,0),(1529,15412,3,15415,0,0),(1530,15413,1,15412,0,0),(1531,15413,2,15414,0,0),(1532,15414,1,15413,0,0),(1533,15415,1,15412,0,0),(1534,15421,1,15000,0,0),(1535,15421,2,15422,0,0),(1536,15422,1,15421,0,0),(1537,15422,2,15423,0,0),(1538,15423,1,15422,0,0),(1539,15423,4,15424,0,0),(1540,15431,1,15432,0,0),(1541,15431,2,15000,0,0),(1542,15432,1,15431,0,0),(1543,15432,2,15433,0,0),(1544,15433,1,15432,0,0),(1545,15433,2,15434,0,0),(1546,15433,4,15435,0,0),(1547,15434,1,15433,0,0),(1548,15435,1,15433,0,0),(1549,15435,2,15436,0,0),(1550,15436,1,15435,0,0),(1551,15441,1,15442,0,0),(1552,15441,2,15000,0,0);
insert  into `map2map`(`id`,`mapid_src`,`doorid`,`mapid_dest`,`x`,`y`) values (1553,15442,1,15441,0,0),(1554,15442,2,15545,0,0),(1555,15442,3,15443,0,0),(1556,15442,4,15444,0,0),(1557,15443,1,15442,0,0),(1558,15444,1,15442,0,0),(1559,15451,1,15452,0,0),(1560,15451,2,15000,0,0),(1561,15452,1,15582,0,0),(1562,15452,2,15454,0,0),(1563,15452,3,15453,0,0),(1564,15452,4,15581,0,0),(1565,15452,5,15451,0,0),(1566,15453,1,15452,0,0),(1567,15454,1,15452,0,0),(1568,15455,1,15581,0,0),(1569,15456,1,15582,0,0),(1570,15471,1,15472,0,0),(1571,15471,2,15000,0,0),(1572,15472,1,15471,0,0),(1573,15481,1,15000,0,0),(1574,15481,5,18000,0,0),(1575,15491,1,15000,0,0),(1576,15501,1,15511,0,0),(1577,15501,2,15512,0,0),(1578,15502,1,15513,0,0),(1579,15502,2,15511,0,0),(1580,15503,1,15512,0,0),(1581,15503,2,15514,0,0),(1582,15504,1,15515,0,0),(1583,15504,2,15513,0,0),(1584,15505,1,15514,0,0),(1585,15505,2,15516,0,0),(1586,15506,1,15517,0,0),(1587,15506,2,15515,0,0),(1588,15506,3,15516,0,0),(1589,15507,1,11000,0,0),(1590,15507,2,15517,0,0),(1591,15508,1,15516,0,0),(1592,15508,2,15518,0,0),(1593,15509,1,15518,0,0),(1594,15509,2,15514,0,0),(1595,15510,1,15518,0,0),(1596,15510,2,15000,0,0),(1597,15511,1,15502,0,0),(1598,15511,2,15501,0,0),(1599,15512,1,15501,0,0),(1600,15512,2,15503,0,0),(1601,15513,1,15504,0,0),(1602,15513,2,15502,0,0),(1603,15514,1,15503,0,0);
insert  into `map2map`(`id`,`mapid_src`,`doorid`,`mapid_dest`,`x`,`y`) values (1604,15514,2,15509,0,0),(1605,15514,3,15505,0,0),(1606,15515,1,15506,0,0),(1607,15515,2,15504,0,0),(1608,15516,1,15505,0,0),(1609,15516,2,15508,0,0),(1610,15516,3,15506,0,0),(1611,15517,1,15507,0,0),(1612,15517,2,15506,0,0),(1613,15518,1,15509,0,0),(1614,15518,2,15508,0,0),(1615,15518,3,15510,0,0),(1616,15521,1,15525,0,0),(1617,15521,2,15000,0,0),(1618,15522,1,15526,0,0),(1619,15522,2,15525,0,0),(1620,15523,1,15527,0,0),(1621,15523,2,15528,0,0),(1622,15523,3,15525,0,0),(1623,15524,1,15527,0,0),(1624,15524,2,15526,0,0),(1625,15524,3,15529,0,0),(1626,15524,4,15811,0,0),(1627,15525,1,15521,0,0),(1628,15525,2,15522,0,0),(1629,15525,3,15523,0,0),(1630,15526,1,15522,0,0),(1631,15526,2,15524,0,0),(1632,15527,1,15523,0,0),(1633,15527,2,15524,0,0),(1634,15528,1,15523,0,0),(1635,15529,1,15524,0,0),(1636,15541,1,15547,0,0),(1637,15541,2,15546,0,0),(1638,15541,3,15000,0,0),(1639,15542,1,15546,0,0),(1640,15542,2,15552,0,0),(1641,15542,3,15548,0,0),(1642,15542,4,15549,0,0),(1643,15543,1,15552,0,0),(1644,15543,2,15550,0,0),(1645,15543,3,15551,0,0),(1646,15543,4,15547,0,0),(1647,15544,1,15552,0,0),(1648,15544,2,15553,0,0),(1649,15544,3,15555,0,0),(1650,15544,4,15554,0,0),(1651,15545,1,15555,0,0),(1652,15545,2,15442,0,0),(1653,15546,1,15541,0,0),(1654,15546,2,15542,0,0);
insert  into `map2map`(`id`,`mapid_src`,`doorid`,`mapid_dest`,`x`,`y`) values (1655,15547,1,15543,0,0),(1656,15547,2,15541,0,0),(1657,15548,1,15542,0,0),(1658,15549,1,15542,0,0),(1659,15550,1,15543,0,0),(1660,15551,1,15543,0,0),(1661,15552,1,15543,0,0),(1662,15552,2,15542,0,0),(1663,15552,3,15544,0,0),(1664,15553,1,15544,0,0),(1665,15554,1,15544,0,0),(1666,15555,1,15545,0,0),(1667,15555,2,15544,0,0),(1668,15561,1,15562,0,0),(1669,15561,2,15023,0,0),(1670,15562,1,15561,0,0),(1671,15562,2,15563,0,0),(1672,15562,3,15566,0,0),(1673,15562,4,15569,0,0),(1674,15563,1,15564,0,0),(1675,15563,2,15562,0,0),(1676,15564,1,15563,0,0),(1677,15564,2,15565,0,0),(1678,15565,1,15564,0,0),(1679,15566,1,15567,0,0),(1680,15566,2,15562,0,0),(1681,15567,1,15568,0,0),(1682,15567,2,15566,0,0),(1683,15568,1,15567,0,0),(1684,15569,1,15570,0,0),(1685,15569,2,15562,0,0),(1686,15570,1,15569,0,0),(1687,15570,2,15571,0,0),(1688,15571,1,15570,0,0),(1689,15581,1,15452,0,0),(1690,15581,2,15455,0,0),(1691,15582,1,15456,0,0),(1692,15582,3,15452,0,0),(1693,15591,1,15871,0,0),(1694,15701,1,15702,0,0),(1695,15701,2,15000,0,0),(1696,15702,1,15701,0,0),(1697,15702,2,15705,0,0),(1698,15702,3,15703,0,0),(1699,15702,4,15704,0,0),(1700,15702,5,15706,0,0),(1701,15703,1,15702,0,0),(1702,15704,1,15702,0,0),(1703,15705,1,15702,0,0),(1704,15706,1,15702,0,0),(1705,15801,1,15000,0,0);
insert  into `map2map`(`id`,`mapid_src`,`doorid`,`mapid_dest`,`x`,`y`) values (1706,15801,2,15802,0,0),(1707,15802,1,15801,0,0),(1708,15802,2,15803,0,0),(1709,15802,3,15804,0,0),(1710,15802,4,15805,0,0),(1711,15803,1,15802,0,0),(1712,15804,1,15802,0,0),(1713,15805,1,15802,0,0),(1714,15811,1,15524,0,0),(1715,15811,2,15812,0,0),(1716,15812,1,15811,0,0),(1717,15821,1,15000,0,0),(1718,15821,2,15822,0,0),(1719,15821,3,15823,0,0),(1720,15822,1,15821,0,0),(1721,15823,1,15821,0,0),(1722,15831,1,15000,0,0),(1723,15831,2,15832,0,0),(1724,15841,1,15843,0,0),(1725,15841,2,15000,0,0),(1726,15841,3,15842,0,0),(1727,15842,1,15841,0,0),(1728,15843,1,15844,0,0),(1729,15843,2,15841,0,0),(1730,15844,1,15847,0,0),(1731,15844,2,15846,0,0),(1732,15844,3,15845,0,0),(1733,15844,4,15843,0,0),(1734,15845,1,15844,0,0),(1735,15846,1,15844,0,0),(1736,15847,1,15844,0,0),(1737,15851,1,15000,0,0),(1738,15851,2,15852,0,0),(1739,15852,1,15851,0,0),(1740,15861,1,15000,0,0),(1741,15861,2,15862,0,0),(1742,15862,1,15861,0,0),(1743,15862,2,15863,0,0),(1744,15863,1,15862,0,0),(1745,15871,1,15000,0,0),(1746,15871,2,15591,0,0),(1747,15901,1,15000,0,0),(1748,16000,1,16521,0,0),(1749,16000,2,16501,0,0),(1750,16000,3,16510,0,0),(1751,16000,4,18000,0,0),(1752,16000,5,16401,0,0),(1753,16000,6,16801,0,0),(1754,16000,7,16811,0,0),(1755,16000,8,16001,0,0),(1756,16001,1,16132,0,0);
insert  into `map2map`(`id`,`mapid_src`,`doorid`,`mapid_dest`,`x`,`y`) values (1757,16001,2,16131,0,0),(1758,16001,3,16101,0,0),(1759,16001,4,16000,0,0),(1760,16101,1,16001,0,0),(1761,16131,1,16001,0,0),(1762,16132,1,16001,0,0),(1763,16401,1,16000,0,0),(1764,16401,2,16402,0,0),(1765,16402,1,16401,0,0),(1766,16501,1,16000,0,0),(1767,16501,2,16502,0,0),(1768,16501,3,16503,0,0),(1769,16502,1,16501,0,0),(1770,16503,1,16501,0,0),(1771,16503,2,16504,0,0),(1772,16503,3,16506,0,0),(1773,16504,1,16505,0,0),(1774,16504,2,16503,0,0),(1775,16504,3,16509,0,0),(1776,16505,1,16504,0,0),(1777,16506,1,16503,0,0),(1778,16506,2,16509,0,0),(1779,16506,3,16508,0,0),(1780,16506,4,16507,0,0),(1781,16507,1,16506,0,0),(1782,16508,1,16506,0,0),(1783,16509,1,16506,0,0),(1784,16509,2,16510,0,0),(1785,16509,3,16504,0,0),(1786,16510,1,16509,0,0),(1787,16510,2,16512,0,0),(1788,16510,3,16511,0,0),(1789,16510,4,16000,0,0),(1790,16511,1,16510,0,0),(1791,16512,1,16510,0,0),(1792,16521,1,16000,0,0),(1793,16521,2,16524,0,0),(1794,16521,3,16522,0,0),(1795,16522,1,16521,0,0),(1796,16522,2,16523,0,0),(1797,16523,1,16522,0,0),(1798,16524,1,16521,0,0),(1799,16524,2,16525,0,0),(1800,16525,1,16524,0,0),(1801,16525,2,16526,0,0),(1802,16526,1,16525,0,0),(1803,16526,2,16527,0,0),(1804,16527,1,16526,0,0),(1805,16531,1,16811,0,0),(1806,16531,2,16532,0,0),(1807,16531,3,16536,0,0);
insert  into `map2map`(`id`,`mapid_src`,`doorid`,`mapid_dest`,`x`,`y`) values (1808,16532,1,16533,0,0),(1809,16532,2,16531,0,0),(1810,16533,1,16534,0,0),(1811,16533,2,16532,0,0),(1812,16534,1,16535,0,0),(1813,16534,2,16533,0,0),(1814,16535,1,16534,0,0),(1815,16536,1,16531,0,0),(1816,16536,2,16537,0,0),(1817,16537,1,16536,0,0),(1818,16537,2,16538,0,0),(1819,16538,1,16537,0,0),(1820,16538,2,16539,0,0),(1821,16539,1,16538,0,0),(1822,16801,1,16000,0,0),(1823,16801,2,16802,0,0),(1824,16802,1,16801,0,0),(1825,16811,1,16000,0,0),(1826,16811,2,16531,0,0),(1827,18000,1,18011,0,0),(1828,18000,2,18001,0,0),(1829,18000,3,18851,0,0),(1830,18000,4,18411,0,0),(1831,18000,5,18041,0,0),(1832,18000,6,18051,0,0),(1833,18000,7,18031,0,0),(1834,18000,8,18021,0,0),(1835,18000,9,18421,0,0),(1836,18000,10,18441,0,0),(1837,18000,11,18451,0,0),(1838,18000,12,18401,0,0),(1839,18000,13,18432,0,0),(1840,18000,14,18436,0,0),(1841,18000,15,18803,0,0),(1842,18000,16,18861,0,0),(1843,18000,17,18806,0,0),(1844,18000,18,18826,0,0),(1845,18000,19,18818,0,0),(1846,18000,20,18816,0,0),(1847,18000,21,18821,0,0),(1848,18000,22,18841,0,0),(1849,18000,23,18831,0,0),(1850,18000,24,18811,0,0),(1851,18000,25,18836,0,0),(1852,18000,26,18521,0,0),(1853,18000,27,18511,0,0),(1854,18000,28,15000,0,0),(1855,18000,29,18846,0,0),(1856,18000,31,16000,0,0),(1857,18000,33,21000,0,0);
insert  into `map2map`(`id`,`mapid_src`,`doorid`,`mapid_dest`,`x`,`y`) values (1858,18000,34,18856,0,0),(1859,18000,35,18461,0,0),(1860,18000,36,26000,0,0),(1861,18001,1,18990,0,0),(1862,18001,2,18000,0,0),(1863,18001,3,18131,0,0),(1864,18001,4,18301,0,0),(1865,18001,5,18002,0,0),(1866,18001,6,18261,0,0),(1867,18001,7,18241,0,0),(1868,18001,8,18115,0,0),(1869,18002,1,18001,0,0),(1870,18002,2,18101,0,0),(1871,18002,3,18132,0,0),(1872,18002,4,18221,0,0),(1873,18002,5,18102,0,0),(1874,18002,6,18201,0,0),(1875,18002,7,18871,0,0),(1876,18002,8,18171,0,0),(1877,18003,2,18305,0,0),(1878,18003,4,18187,0,0),(1879,18003,5,18114,0,0),(1880,18003,6,18113,0,0),(1881,18011,1,18000,0,0),(1882,18011,2,18012,0,0),(1883,18012,1,18011,0,0),(1884,18012,2,18133,0,0),(1885,18012,3,18242,0,0),(1886,18012,4,18202,0,0),(1887,18012,5,18302,0,0),(1888,18012,6,18172,0,0),(1889,18012,7,18881,0,0),(1890,18021,1,18000,0,0),(1891,18021,2,18022,0,0),(1892,18022,1,18891,0,0),(1893,18022,3,18021,0,0),(1894,18022,4,18243,0,0),(1895,18022,5,18222,0,0),(1896,18022,6,18262,0,0),(1897,18022,7,18303,0,0),(1898,18022,8,18103,0,0),(1899,18022,9,18134,0,0),(1900,18022,10,18173,0,0),(1901,18031,1,18000,0,0),(1902,18031,2,18135,0,0),(1903,18031,3,18104,0,0),(1904,18031,4,18174,0,0),(1905,18031,5,18175,0,0),(1906,18031,6,18105,0,0),(1907,18031,7,18136,0,0),(1908,18031,8,18203,0,0);
insert  into `map2map`(`id`,`mapid_src`,`doorid`,`mapid_dest`,`x`,`y`) values (1909,18041,1,18000,0,0),(1910,18041,2,18176,0,0),(1911,18041,3,18106,0,0),(1912,18041,4,18137,0,0),(1913,18051,1,18000,0,0),(1914,18051,2,18107,0,0),(1915,18051,3,18177,0,0),(1916,18051,4,18138,0,0),(1917,18051,5,18178,0,0),(1918,18061,1,18433,0,0),(1919,18061,2,18180,0,0),(1920,18061,3,18139,0,0),(1921,18061,4,18108,0,0),(1922,18061,5,18181,0,0),(1923,18061,6,18179,0,0),(1924,18061,7,18140,0,0),(1925,18061,8,18109,0,0),(1926,18071,1,18444,0,0),(1927,18071,2,18142,0,0),(1928,18071,3,18141,0,0),(1929,18071,4,18110,0,0),(1930,18071,5,18182,0,0),(1931,18071,6,18183,0,0),(1932,18071,7,18184,0,0),(1933,18071,8,18111,0,0),(1934,18081,1,18453,0,0),(1935,18081,2,18112,0,0),(1936,18081,3,18143,0,0),(1937,18081,4,18185,0,0),(1938,18081,5,18186,0,0),(1939,18101,1,18002,0,0),(1940,18102,1,18002,0,0),(1941,18103,1,18022,0,0),(1942,18104,1,18031,0,0),(1943,18105,1,18031,0,0),(1944,18106,1,18041,0,0),(1945,18107,1,18051,0,0),(1946,18108,1,18061,0,0),(1947,18109,1,18061,0,0),(1948,18110,1,18071,0,0),(1949,18111,1,18071,0,0),(1950,18112,1,18081,0,0),(1951,18131,1,18001,0,0),(1952,18132,1,18002,0,0),(1953,18133,1,18012,0,0),(1954,18134,1,18022,0,0),(1955,18135,1,18031,0,0),(1956,18136,1,18031,0,0),(1957,18137,1,18041,0,0),(1958,18138,1,18051,0,0),(1959,18139,1,18061,0,0);
insert  into `map2map`(`id`,`mapid_src`,`doorid`,`mapid_dest`,`x`,`y`) values (1960,18140,1,18061,0,0),(1961,18141,1,18071,0,0),(1962,18142,1,18071,0,0),(1963,18143,1,18081,0,0),(1964,18171,1,18002,0,0),(1965,18172,1,18012,0,0),(1966,18173,1,18022,0,0),(1967,18174,1,18031,0,0),(1968,18175,1,18031,0,0),(1969,18176,1,18041,0,0),(1970,18177,1,18051,0,0),(1971,18178,1,18051,0,0),(1972,18179,1,18061,0,0),(1973,18180,1,18061,0,0),(1974,18181,1,18061,0,0),(1975,18182,1,18071,0,0),(1976,18183,1,18071,0,0),(1977,18184,1,18071,0,0),(1978,18185,1,18081,0,0),(1979,18186,1,18081,0,0),(1980,18201,1,18002,0,0),(1981,18202,1,18012,0,0),(1982,18203,1,18031,0,0),(1983,18221,1,18002,0,0),(1984,18222,1,18022,0,0),(1985,18241,1,18001,0,0),(1986,18242,1,18012,0,0),(1987,18243,1,18022,0,0),(1988,18261,1,18001,0,0),(1989,18262,1,18022,0,0),(1990,18301,1,18001,0,0),(1991,18302,1,18012,0,0),(1992,18303,1,18022,0,0),(1993,18401,1,18000,0,0),(1994,18401,2,18402,0,0),(1995,18402,1,18401,0,0),(1996,18402,2,18403,0,0),(1997,18403,1,18402,0,0),(1998,18403,2,18404,0,0),(1999,18403,3,18405,0,0),(2000,18404,1,18403,0,0),(2001,18405,1,18403,0,0),(2002,18411,1,18000,0,0),(2003,18421,1,18000,0,0),(2004,18421,2,18422,0,0),(2005,18422,1,18423,0,0),(2006,18422,2,18421,0,0),(2007,18423,1,18422,0,0),(2008,18432,1,18000,0,0),(2009,18432,2,18433,0,0),(2010,18433,1,18432,0,0);
insert  into `map2map`(`id`,`mapid_src`,`doorid`,`mapid_dest`,`x`,`y`) values (2011,18433,2,18061,0,0),(2012,18433,3,18435,0,0),(2013,18434,1,18513,0,0),(2014,18435,1,18433,0,0),(2015,18435,2,18436,0,0),(2016,18436,1,18000,0,0),(2017,18436,2,18435,0,0),(2018,18441,1,18000,0,0),(2019,18441,2,18443,0,0),(2020,18443,1,18441,0,0),(2021,18443,2,18444,0,0),(2022,18444,1,18443,0,0),(2023,18444,2,18071,0,0),(2024,18451,1,18000,0,0),(2025,18451,2,18452,0,0),(2026,18452,1,18451,0,0),(2027,18452,2,18453,0,0),(2028,18453,1,18452,0,0),(2029,18453,2,18454,0,0),(2030,18453,3,18081,0,0),(2031,18454,1,18453,0,0),(2032,18461,1,18462,0,0),(2033,18461,2,18000,0,0),(2034,18462,1,18461,0,0),(2035,18501,1,18502,0,0),(2036,18501,2,18871,0,0),(2037,18502,1,18504,0,0),(2038,18502,2,18501,0,0),(2039,18502,3,18503,0,0),(2040,18503,1,18502,0,0),(2041,18504,1,18505,0,0),(2042,18504,2,18502,0,0),(2043,18505,1,18506,0,0),(2044,18505,2,18504,0,0),(2045,18506,1,18881,0,0),(2046,18506,2,18505,0,0),(2047,18511,1,18000,0,0),(2048,18511,2,18512,0,0),(2049,18512,1,18513,0,0),(2050,18512,2,18511,0,0),(2051,18513,1,18514,0,0),(2052,18513,2,18512,0,0),(2053,18513,3,18434,0,0),(2054,18514,1,18515,0,0),(2055,18514,2,18513,0,0),(2056,18515,1,18516,0,0),(2057,18515,2,18514,0,0),(2058,18516,1,18517,0,0),(2059,18516,2,18515,0,0),(2060,18517,1,18518,0,0),(2061,18517,2,18516,0,0);
insert  into `map2map`(`id`,`mapid_src`,`doorid`,`mapid_dest`,`x`,`y`) values (2062,18518,1,18519,0,0),(2063,18518,2,18517,0,0),(2064,18519,1,18846,0,0),(2065,18519,2,18518,0,0),(2066,18521,1,18000,0,0),(2067,18521,2,18522,0,0),(2068,18522,1,18521,0,0),(2069,18522,2,18523,0,0),(2070,18523,1,18522,0,0),(2071,18523,2,18524,0,0),(2072,18523,3,18526,0,0),(2073,18523,4,18528,0,0),(2074,18524,1,18523,0,0),(2075,18524,2,18525,0,0),(2076,18525,1,18524,0,0),(2077,18526,1,18527,0,0),(2078,18526,2,18523,0,0),(2079,18527,1,18526,0,0),(2080,18528,1,18523,0,0),(2081,18528,2,18529,0,0),(2082,18529,1,18528,0,0),(2083,18529,2,18530,0,0),(2084,18530,1,18529,0,0),(2085,18530,2,18531,0,0),(2086,18531,1,18530,0,0),(2087,18541,1,18891,0,0),(2088,18541,2,18542,0,0),(2089,18541,3,18545,0,0),(2090,18542,1,18541,0,0),(2091,18542,2,18543,0,0),(2092,18542,3,18544,0,0),(2093,18543,1,18542,0,0),(2094,18544,1,18542,0,0),(2095,18545,1,18541,0,0),(2096,18545,2,18546,0,0),(2097,18545,3,18547,0,0),(2098,18546,1,18545,0,0),(2099,18547,1,18545,0,0),(2100,18801,1,15000,0,0),(2101,18801,2,18803,0,0),(2102,18801,3,18802,0,0),(2103,18802,1,18801,0,0),(2104,18803,1,18801,0,0),(2105,18803,2,18000,0,0),(2106,18806,1,18000,0,0),(2107,18806,2,18807,0,0),(2108,18807,1,18806,0,0),(2109,18807,2,18810,0,0),(2110,18807,3,18809,0,0),(2111,18807,4,18808,0,0),(2112,18807,5,18805,0,0);
insert  into `map2map`(`id`,`mapid_src`,`doorid`,`mapid_dest`,`x`,`y`) values (2113,18808,1,18807,0,0),(2114,18809,1,18807,0,0),(2115,18810,1,18807,0,0),(2116,18811,1,18000,0,0),(2117,18814,2,18815,0,0),(2118,18816,1,18817,0,0),(2119,18816,2,18818,0,0),(2120,18816,3,18000,0,0),(2121,18816,4,18814,0,0),(2122,18817,1,18816,0,0),(2123,18818,1,18816,0,0),(2124,18818,2,18000,0,0),(2125,18821,1,18000,0,0),(2126,18821,2,18822,0,0),(2127,18822,1,18821,0,0),(2128,18826,1,18000,0,0),(2129,18826,2,18827,0,0),(2130,18827,1,18826,0,0),(2131,18831,1,18000,0,0),(2132,18831,2,18832,0,0),(2133,18832,1,18831,0,0),(2134,18836,1,18000,0,0),(2135,18841,1,18000,0,0),(2136,18841,2,18842,0,0),(2137,18842,1,18841,0,0),(2138,18842,2,18843,0,0),(2139,18843,1,18842,0,0),(2140,18846,1,18519,0,0),(2141,18846,2,18000,0,0),(2142,18851,1,18000,0,0),(2143,18856,1,18000,0,0),(2144,18861,1,18862,0,0),(2145,18861,2,18000,0,0),(2146,18862,1,18863,0,0),(2147,18862,2,18861,0,0),(2148,18863,1,18862,0,0),(2149,18871,1,18002,0,0),(2150,18871,2,18501,0,0),(2151,18881,1,18012,0,0),(2152,18881,2,18506,0,0),(2153,18891,1,18022,0,0),(2154,18891,2,18541,0,0),(2155,18990,1,18001,0,0),(2156,18990,2,18003,0,0),(2157,19000,1,19831,0,0),(2158,19000,2,19821,0,0),(2159,19000,3,19811,0,0),(2160,19000,4,19011,0,0),(2161,19000,5,19001,0,0),(2162,19000,6,19801,0,0),(2163,19000,7,19021,0,0);
insert  into `map2map`(`id`,`mapid_src`,`doorid`,`mapid_dest`,`x`,`y`) values (2164,19000,8,19511,0,0),(2165,19000,9,19513,0,0),(2166,19000,10,19501,0,0),(2167,19000,11,12815,0,0),(2168,19000,12,19521,0,0),(2169,19000,13,19535,0,0),(2170,19000,15,19541,0,0),(2171,19001,1,19000,0,0),(2172,19001,2,19002,0,0),(2173,19002,1,19001,0,0),(2174,19002,2,19301,0,0),(2175,19002,3,19261,0,0),(2176,19002,4,19171,0,0),(2177,19002,5,19101,0,0),(2178,19002,6,19241,0,0),(2179,19011,2,19173,0,0),(2180,19011,3,19132,0,0),(2181,19011,4,19174,0,0),(2182,19011,5,19000,0,0),(2183,19021,1,19000,0,0),(2184,19021,2,19176,0,0),(2185,19021,3,19175,0,0),(2186,19021,4,19178,0,0),(2187,19021,5,19179,0,0),(2188,19021,6,19177,0,0),(2189,19101,1,19002,0,0),(2190,19132,1,19011,0,0),(2191,19171,1,19002,0,0),(2192,19173,1,19011,0,0),(2193,19174,1,19011,0,0),(2194,19175,1,19021,0,0),(2195,19176,1,19021,0,0),(2196,19177,1,19021,0,0),(2197,19178,1,19021,0,0),(2198,19179,2,19021,0,0),(2199,19241,1,19002,0,0),(2200,19261,1,19002,0,0),(2201,19301,1,19002,0,0),(2202,19401,1,19861,0,0),(2203,19411,1,19851,0,0),(2204,19411,2,19412,0,0),(2205,19412,1,19411,0,0),(2206,19413,1,19851,0,0),(2207,19413,2,19852,0,0),(2208,19501,1,19000,0,0),(2209,19501,2,19502,0,0),(2210,19501,3,19503,0,0),(2211,19502,1,19501,0,0),(2212,19502,2,19504,0,0),(2213,19503,1,19501,0,0);
insert  into `map2map`(`id`,`mapid_src`,`doorid`,`mapid_dest`,`x`,`y`) values (2214,19503,2,19507,0,0),(2215,19504,1,19502,0,0),(2216,19504,2,19505,0,0),(2217,19505,1,19506,0,0),(2218,19505,2,19504,0,0),(2219,19506,1,19505,0,0),(2220,19507,1,19503,0,0),(2221,19507,2,19508,0,0),(2222,19508,1,19507,0,0),(2223,19508,2,19509,0,0),(2224,19509,1,19508,0,0),(2225,19509,2,19861,0,0),(2226,19511,1,19512,0,0),(2227,19511,2,19000,0,0),(2228,19512,1,19513,0,0),(2229,19512,2,19511,0,0),(2230,19513,1,19000,0,0),(2231,19513,2,19512,0,0),(2232,19521,1,19000,0,0),(2233,19521,2,19522,0,0),(2234,19522,1,19521,0,0),(2235,19522,2,19523,0,0),(2236,19523,1,19522,0,0),(2237,19523,2,19524,0,0),(2238,19524,1,19523,0,0),(2239,19524,2,19525,0,0),(2240,19524,3,19526,0,0),(2241,19525,1,19524,0,0),(2242,19526,1,19524,0,0),(2243,19526,2,19527,0,0),(2244,19526,3,19529,0,0),(2245,19526,4,19851,0,0),(2246,19527,1,19528,0,0),(2247,19527,2,19526,0,0),(2248,19528,1,19527,0,0),(2249,19529,1,19526,0,0),(2250,19529,2,19530,0,0),(2251,19530,1,19529,0,0),(2252,19531,1,19532,0,0),(2253,19532,1,19531,0,0),(2254,19532,2,19533,0,0),(2255,19533,1,19532,0,0),(2256,19533,2,19534,0,0),(2257,19534,1,19533,0,0),(2258,19534,2,19535,0,0),(2259,19535,1,19534,0,0),(2260,19535,2,19000,0,0),(2261,19541,1,19000,0,0),(2262,19541,2,19542,0,0),(2263,19542,1,19541,0,0),(2264,19542,2,19544,0,0);
insert  into `map2map`(`id`,`mapid_src`,`doorid`,`mapid_dest`,`x`,`y`) values (2265,19542,3,19545,0,0),(2266,19542,4,19543,0,0),(2267,19543,1,19542,0,0),(2268,19544,1,19542,0,0),(2269,19545,1,19542,0,0),(2270,19545,2,19546,0,0),(2271,19545,3,19549,0,0),(2272,19546,1,19545,0,0),(2273,19546,2,19547,0,0),(2274,19546,3,19548,0,0),(2275,19547,1,19546,0,0),(2276,19548,1,19546,0,0),(2277,19549,1,19545,0,0),(2278,19549,2,19551,0,0),(2279,19549,3,19550,0,0),(2280,19550,1,19549,0,0),(2281,19551,1,19549,0,0),(2282,19801,1,19000,0,0),(2283,19801,2,19802,0,0),(2284,19802,1,19801,0,0),(2285,19811,1,19812,0,0),(2286,19811,2,19000,0,0),(2287,19812,1,19811,0,0),(2288,19812,2,19813,0,0),(2289,19813,1,19812,0,0),(2290,19821,1,19822,0,0),(2291,19821,2,19000,0,0),(2292,19822,1,19821,0,0),(2293,19831,1,19000,0,0),(2294,19831,2,19832,0,0),(2295,19832,1,19831,0,0),(2296,19851,1,19526,0,0),(2297,19851,2,19411,0,0),(2298,19851,3,19413,0,0),(2299,19852,1,19413,0,0),(2300,19861,1,19509,0,0),(2301,19861,2,19401,0,0),(2302,20000,1,20541,0,0),(2303,20000,2,20801,0,0),(2304,20000,3,20031,0,0),(2305,20000,4,20841,0,0),(2306,20000,5,20530,0,0),(2307,20000,6,20521,0,0),(2308,20000,7,20851,0,0),(2309,20000,8,20861,0,0),(2310,20000,9,20021,0,0),(2311,20000,10,20411,0,0),(2312,20000,11,20831,0,0),(2313,20000,12,20511,0,0),(2314,20000,13,20001,0,0);
insert  into `map2map`(`id`,`mapid_src`,`doorid`,`mapid_dest`,`x`,`y`) values (2315,20000,14,20811,0,0),(2316,20000,15,20821,0,0),(2317,20000,16,20503,0,0),(2318,20000,17,20401,0,0),(2319,20001,1,20000,0,0),(2320,20001,2,20002,0,0),(2321,20002,1,20241,0,0),(2322,20002,2,20221,0,0),(2323,20002,3,20132,0,0),(2324,20002,4,20301,0,0),(2325,20002,5,20131,0,0),(2326,20002,6,20003,0,0),(2327,20002,7,20001,0,0),(2328,20002,8,20261,0,0),(2329,20002,9,20871,0,0),(2330,20003,1,20002,0,0),(2331,20003,2,20101,0,0),(2332,20011,1,20831,0,0),(2333,20011,2,20012,0,0),(2334,20012,1,20011,0,0),(2335,20012,2,20201,0,0),(2336,20012,3,20242,0,0),(2337,20012,4,20172,0,0),(2338,20012,5,20171,0,0),(2339,20012,6,20302,0,0),(2340,20021,1,20133,0,0),(2341,20021,2,20102,0,0),(2342,20021,3,20173,0,0),(2343,20021,4,20281,0,0),(2344,20021,5,20000,0,0),(2345,20031,1,20178,0,0),(2346,20031,2,20177,0,0),(2347,20031,3,20174,0,0),(2348,20031,4,20175,0,0),(2349,20031,5,20176,0,0),(2350,20031,6,20000,0,0),(2351,20101,1,20003,0,0),(2352,20102,1,20021,0,0),(2353,20131,1,20002,0,0),(2354,20132,1,20002,0,0),(2355,20133,1,20021,0,0),(2356,20171,1,20012,0,0),(2357,20172,1,20012,0,0),(2358,20173,1,20021,0,0),(2359,20174,1,20031,0,0),(2360,20175,1,20031,0,0),(2361,20176,1,20031,0,0),(2362,20177,1,20031,0,0),(2363,20178,1,20031,0,0),(2364,20201,1,20012,0,0),(2365,20221,1,20002,0,0);
insert  into `map2map`(`id`,`mapid_src`,`doorid`,`mapid_dest`,`x`,`y`) values (2366,20241,1,20002,0,0),(2367,20242,1,20012,0,0),(2368,20261,1,20002,0,0),(2369,20281,1,20021,0,0),(2370,20301,1,20002,0,0),(2371,20302,1,20012,0,0),(2372,20401,1,20402,0,0),(2373,20401,2,20000,0,0),(2374,20402,1,20401,0,0),(2375,20411,1,20412,0,0),(2376,20411,2,20000,0,0),(2377,20412,1,20411,0,0),(2378,20412,2,20413,0,0),(2379,20413,1,20412,0,0),(2380,20413,2,20414,0,0),(2381,20414,1,20413,0,0),(2382,20501,1,12809,242,195),(2383,20501,2,20504,0,0),(2384,20501,3,20502,0,0),(2385,20502,1,20501,102,355),(2386,20502,2,20503,0,0),(2387,20502,3,20506,382,175),(2388,20503,1,20502,0,0),(2389,20503,2,20508,0,0),(2390,20503,3,20000,0,0),(2391,20504,1,20501,0,0),(2392,20504,2,20505,0,0),(2393,20505,1,20504,0,0),(2394,20506,1,20502,1242,2475),(2395,20506,2,20507,0,0),(2396,20507,1,20506,0,0),(2397,20508,1,20503,0,0),(2398,20508,2,20509,0,0),(2399,20509,1,20508,0,0),(2400,20511,1,20512,0,0),(2401,20511,2,20513,0,0),(2402,20511,3,20000,0,0),(2403,20512,1,20511,0,0),(2404,20512,2,20514,0,0),(2405,20513,1,20511,0,0),(2406,20513,2,20515,0,0),(2407,20514,1,20512,0,0),(2408,20515,1,20513,0,0),(2409,20521,1,20522,0,0),(2410,20521,2,20000,0,0),(2411,20522,1,20521,0,0),(2412,20522,2,20530,0,0),(2413,20522,3,20523,0,0),(2414,20523,1,20522,0,0),(2415,20523,2,20524,0,0);
insert  into `map2map`(`id`,`mapid_src`,`doorid`,`mapid_dest`,`x`,`y`) values (2416,20523,3,20527,0,0),(2417,20524,1,20523,0,0),(2418,20524,2,20525,0,0),(2419,20524,3,20526,0,0),(2420,20525,1,20524,0,0),(2421,20526,1,20524,0,0),(2422,20527,1,20523,0,0),(2423,20527,2,20529,0,0),(2424,20527,3,20528,0,0),(2425,20528,1,20527,0,0),(2426,20529,1,20527,0,0),(2427,20530,1,20522,0,0),(2428,20530,2,20000,0,0),(2429,20541,1,20544,0,0),(2430,20541,2,20542,0,0),(2431,20541,3,20000,0,0),(2432,20542,1,20543,0,0),(2433,20542,2,20541,0,0),(2434,20543,1,20542,0,0),(2435,20544,1,20541,0,0),(2436,20544,2,20545,0,0),(2437,20545,1,20544,0,0),(2438,20801,1,20000,0,0),(2439,20811,1,20812,0,0),(2440,20811,2,20000,0,0),(2441,20812,1,20811,0,0),(2442,20821,1,20822,0,0),(2443,20821,2,20000,0,0),(2444,20822,1,20821,0,0),(2445,20831,1,20011,0,0),(2446,20831,2,20000,0,0),(2447,20841,1,20000,0,0),(2448,20841,2,20842,0,0),(2449,20842,1,20841,0,0),(2450,20851,1,20852,0,0),(2451,20851,2,20000,0,0),(2452,20852,1,20851,0,0),(2453,20852,2,20853,0,0),(2454,20853,1,20852,0,0),(2455,20861,1,20000,0,0),(2456,20871,1,20002,0,0),(2457,21000,1,21821,0,0),(2458,21000,2,21431,0,0),(2459,21000,3,21021,0,0),(2460,21000,4,21505,0,0),(2461,21000,5,21811,0,0),(2462,21000,6,21816,0,0),(2463,21000,7,21031,0,0),(2464,21000,8,21001,0,0),(2465,21000,9,21411,0,0),(2466,21000,10,21521,0,0);
insert  into `map2map`(`id`,`mapid_src`,`doorid`,`mapid_dest`,`x`,`y`) values (2467,21000,11,21891,0,0),(2468,21000,12,21881,0,0),(2469,21000,13,21421,0,0),(2470,21000,14,21401,0,0),(2471,21000,15,21871,0,0),(2472,21000,16,21806,0,0),(2473,21000,17,21801,0,0),(2474,21000,18,21841,0,0),(2475,21000,19,21851,0,0),(2476,21000,20,21537,0,0),(2477,21000,21,21861,0,0),(2478,21000,22,18000,0,0),(2479,21000,23,21864,0,0),(2480,21000,24,21831,0,0),(2481,21000,25,21442,0,0),(2482,21000,27,21836,0,0),(2483,21000,28,21826,0,0),(2484,21000,29,21749,0,0),(2485,21000,30,21701,0,0),(2486,21000,31,21731,0,0),(2487,21000,32,23000,0,0),(2488,21000,33,25000,0,0),(2489,21000,34,21760,0,0),(2490,21000,35,21061,0,0),(2491,21000,36,21846,0,0),(2492,21001,1,21002,0,0),(2493,21001,2,21000,0,0),(2494,21002,1,21261,0,0),(2495,21002,2,21201,0,0),(2496,21002,3,21241,0,0),(2497,21002,4,21221,0,0),(2498,21002,5,21001,0,0),(2499,21002,6,21004,0,0),(2500,21002,7,21003,0,0),(2501,21003,1,21002,0,0),(2502,21003,2,21101,0,0),(2503,21003,3,21131,0,0),(2504,21003,4,21281,0,0),(2505,21003,5,21172,0,0),(2506,21003,6,21102,0,0),(2507,21003,7,21171,0,0),(2508,21003,8,21441,0,0),(2509,21004,1,21002,0,0),(2510,21004,2,21301,0,0),(2511,21011,1,21881,0,0),(2512,21011,2,21012,0,0),(2513,21012,1,21011,0,0),(2514,21012,2,21133,0,0),(2515,21012,3,21103,0,0),(2516,21012,4,21242,0,0);
insert  into `map2map`(`id`,`mapid_src`,`doorid`,`mapid_dest`,`x`,`y`) values (2517,21012,5,21173,0,0),(2518,21012,6,21282,0,0),(2519,21012,7,21302,0,0),(2520,21012,8,21013,0,0),(2521,21012,9,21014,0,0),(2522,21012,10,21106,0,0),(2523,21012,11,21015,0,0),(2524,21013,1,21012,0,0),(2525,21013,2,21104,0,0),(2526,21013,3,21222,0,0),(2527,21013,4,21262,0,0),(2528,21013,5,21884,0,0),(2529,21014,1,21012,0,0),(2530,21015,1,21012,0,0),(2531,21015,2,21176,0,0),(2532,21015,3,21136,0,0),(2533,21015,4,21108,0,0),(2534,21015,5,21135,0,0),(2535,21015,6,21107,0,0),(2536,21021,1,21174,0,0),(2537,21021,2,21132,0,0),(2538,21021,3,21303,0,0),(2539,21021,4,21175,0,0),(2540,21021,5,21000,0,0),(2541,21031,1,21105,0,0),(2542,21031,2,21000,0,0),(2543,21041,1,21816,0,0),(2544,21041,2,21042,0,0),(2545,21042,1,21041,0,0),(2546,21042,2,21043,0,0),(2547,21043,1,21042,0,0),(2548,21051,1,21891,0,0),(2549,21061,1,21000,0,0),(2550,21061,2,21137,0,0),(2551,21061,3,21177,0,0),(2552,21061,4,21304,0,0),(2553,21101,1,21003,0,0),(2554,21102,1,21003,0,0),(2555,21103,1,21012,0,0),(2556,21104,1,21013,0,0),(2557,21105,1,21031,0,0),(2558,21106,1,21012,0,0),(2559,21131,1,21003,0,0),(2560,21132,1,21021,0,0),(2561,21133,1,21012,0,0),(2562,21137,1,21061,0,0),(2563,21172,1,21003,0,0),(2564,21173,1,21012,0,0),(2565,21174,1,21021,0,0),(2566,21175,1,21021,0,0),(2567,21177,1,21061,0,0);
insert  into `map2map`(`id`,`mapid_src`,`doorid`,`mapid_dest`,`x`,`y`) values (2568,21201,1,21002,0,0),(2569,21221,1,21002,0,0),(2570,21222,1,21013,0,0),(2571,21241,1,21002,0,0),(2572,21242,1,21012,0,0),(2573,21261,1,21002,0,0),(2574,21262,1,21013,0,0),(2575,21281,1,21003,0,0),(2576,21282,1,21012,0,0),(2577,21301,1,21004,0,0),(2578,21302,1,21012,0,0),(2579,21303,1,21021,0,0),(2580,21304,1,21061,0,0),(2581,21401,1,21000,0,0),(2582,21411,2,21000,0,0),(2583,21421,1,21000,0,0),(2584,21421,2,21422,0,0),(2585,21421,3,21423,0,0),(2586,21422,1,21421,0,0),(2587,21423,1,21421,0,0),(2588,21431,1,21000,0,0),(2589,21431,2,21432,0,0),(2590,21432,1,21431,0,0),(2591,21432,2,21433,0,0),(2592,21433,1,21432,0,0),(2593,21441,1,21003,0,0),(2594,21441,2,21442,0,0),(2595,21442,1,21441,0,0),(2596,21442,2,21000,0,0),(2597,21501,1,21502,0,0),(2598,21501,2,13000,0,0),(2599,21502,1,21501,0,0),(2600,21502,2,21503,0,0),(2601,21502,3,21506,0,0),(2602,21503,1,21502,0,0),(2603,21503,2,21504,0,0),(2604,21504,1,21503,0,0),(2605,21504,2,21505,0,0),(2606,21504,3,21510,0,0),(2607,21505,1,21504,0,0),(2608,21505,2,21000,0,0),(2609,21506,1,21502,0,0),(2610,21506,2,21507,0,0),(2611,21507,1,21506,0,0),(2612,21507,2,21508,0,0),(2613,21507,3,21509,0,0),(2614,21508,1,21507,0,0),(2615,21509,1,21507,0,0),(2616,21510,1,21504,0,0),(2617,21510,2,21511,0,0),(2618,21511,1,21510,0,0);
insert  into `map2map`(`id`,`mapid_src`,`doorid`,`mapid_dest`,`x`,`y`) values (2619,21511,2,21512,0,0),(2620,21512,1,21511,0,0),(2621,21521,1,21522,0,0),(2622,21521,2,21000,0,0),(2623,21522,1,21521,0,0),(2624,21522,2,21537,0,0),(2625,21522,3,21523,0,0),(2626,21523,1,21522,0,0),(2627,21523,2,21524,0,0),(2628,21523,3,21528,0,0),(2629,21523,4,21533,0,0),(2630,21524,1,21523,0,0),(2631,21524,2,21525,0,0),(2632,21525,1,21524,0,0),(2633,21525,2,21526,0,0),(2634,21526,1,21525,0,0),(2635,21526,2,21527,0,0),(2636,21527,1,21526,0,0),(2637,21528,1,21523,0,0),(2638,21528,2,21529,0,0),(2639,21529,1,21528,0,0),(2640,21529,2,21530,0,0),(2641,21530,1,21529,0,0),(2642,21530,2,21531,0,0),(2643,21530,3,21532,0,0),(2644,21531,1,21530,0,0),(2645,21532,1,21530,0,0),(2646,21533,1,21523,0,0),(2647,21533,2,21534,0,0),(2648,21534,1,21535,0,0),(2649,21534,2,21533,0,0),(2650,21535,1,21534,0,0),(2651,21535,2,21536,0,0),(2652,21536,1,21535,0,0),(2653,21537,1,21522,0,0),(2654,21537,2,21000,0,0),(2655,21541,1,21550,0,0),(2656,21541,2,21542,0,0),(2657,21541,3,21884,0,0),(2658,21541,4,21546,0,0),(2659,21542,1,21541,0,0),(2660,21542,2,21543,0,0),(2661,21543,1,21542,0,0),(2662,21543,2,21544,0,0),(2663,21544,1,21543,0,0),(2664,21544,2,21545,0,0),(2665,21545,1,21544,0,0),(2666,21546,1,21547,0,0),(2667,21546,2,21541,0,0),(2668,21547,1,21548,0,0),(2669,21547,2,21546,0,0);
insert  into `map2map`(`id`,`mapid_src`,`doorid`,`mapid_dest`,`x`,`y`) values (2670,21548,1,21549,0,0),(2671,21548,2,21547,0,0),(2672,21549,1,21548,0,0),(2673,21550,1,21541,0,0),(2674,21550,2,21551,0,0),(2675,21551,1,21550,0,0),(2676,21551,2,21552,0,0),(2677,21552,1,21551,0,0),(2678,21552,2,21553,0,0),(2679,21553,1,21552,0,0),(2680,21701,1,21702,0,0),(2681,21701,2,21000,0,0),(2682,21702,1,21703,0,0),(2683,21702,2,21713,0,0),(2684,21702,3,21705,0,0),(2685,21702,4,21701,0,0),(2686,21702,5,21706,0,0),(2687,21702,6,21704,0,0),(2688,21704,1,21702,0,0),(2689,21705,1,21702,0,0),(2690,21706,1,21708,0,0),(2691,21706,2,21709,0,0),(2692,21706,3,21702,0,0),(2693,21706,4,21711,0,0),(2694,21706,5,21707,0,0),(2695,21706,6,21710,0,0),(2696,21707,1,21706,0,0),(2697,21708,1,21706,0,0),(2698,21709,1,21706,0,0),(2699,21710,1,21706,0,0),(2700,21711,1,21706,0,0),(2701,21711,2,21712,0,0),(2702,21712,1,21711,0,0),(2703,21713,1,21702,0,0),(2704,21713,2,21715,0,0),(2705,21713,3,21716,0,0),(2706,21713,4,21722,0,0),(2707,21713,5,21714,0,0),(2708,21714,1,21713,0,0),(2709,21715,1,21713,0,0),(2710,21716,1,21713,0,0),(2711,21716,2,21720,0,0),(2712,21716,3,21721,0,0),(2713,21716,4,21719,0,0),(2714,21716,5,21717,0,0),(2715,21716,6,21718,0,0),(2716,21717,1,21716,0,0),(2717,21718,1,21241,0,0),(2718,21719,1,21716,0,0),(2719,21720,1,21716,0,0),(2720,21721,1,21716,0,0);
insert  into `map2map`(`id`,`mapid_src`,`doorid`,`mapid_dest`,`x`,`y`) values (2721,21722,1,21723,0,0),(2722,21722,2,21713,0,0),(2723,21722,3,21727,0,0),(2724,21722,4,21724,0,0),(2725,21723,1,21722,0,0),(2726,21724,1,21722,0,0),(2727,21724,2,21725,0,0),(2728,21725,1,21726,0,0),(2729,21725,2,21724,0,0),(2730,21726,1,21725,0,0),(2731,21727,1,21722,0,0),(2732,21731,1,21732,0,0),(2733,21731,2,21000,0,0),(2734,21732,1,21731,0,0),(2735,21732,2,21736,0,0),(2736,21732,3,21734,0,0),(2737,21732,4,21750,0,0),(2738,21732,5,21733,0,0),(2739,21732,6,21735,0,0),(2740,21732,7,21737,0,0),(2741,21732,8,21744,0,0),(2742,21733,1,21732,0,0),(2743,21734,1,21732,0,0),(2744,21735,1,21732,0,0),(2745,21736,1,21732,0,0),(2746,21737,1,21732,0,0),(2747,21737,2,21741,0,0),(2748,21737,3,21743,0,0),(2749,21737,4,21742,0,0),(2750,21737,5,21738,0,0),(2751,21737,6,21739,0,0),(2752,21737,7,21740,0,0),(2753,21738,1,21737,0,0),(2754,21739,1,21737,0,0),(2755,21740,1,21737,0,0),(2756,21741,1,21737,0,0),(2757,21742,1,21737,0,0),(2758,21743,1,21737,0,0),(2759,21744,1,21732,0,0),(2760,21744,2,21749,0,0),(2761,21744,3,21747,0,0),(2762,21744,4,21745,0,0),(2763,21744,5,21746,0,0),(2764,21745,1,21744,0,0),(2765,21746,1,21744,0,0),(2766,21747,1,21744,0,0),(2767,21747,2,21748,0,0),(2768,21748,1,21747,0,0),(2769,21749,1,21744,0,0),(2770,21749,2,21000,0,0),(2771,21750,1,21732,0,0);
insert  into `map2map`(`id`,`mapid_src`,`doorid`,`mapid_dest`,`x`,`y`) values (2772,21750,2,21757,0,0),(2773,21750,3,21753,0,0),(2774,21750,4,21752,0,0),(2775,21750,5,21751,0,0),(2776,21750,6,21755,0,0),(2777,21750,7,21754,0,0),(2778,21750,8,21756,0,0),(2779,21750,9,21758,0,0),(2780,21751,1,21750,0,0),(2781,21752,1,21750,0,0),(2782,21753,1,21750,0,0),(2783,21754,1,21750,0,0),(2784,21755,1,21750,0,0),(2785,21756,1,21750,0,0),(2786,21757,1,21750,0,0),(2787,21758,1,21759,0,0),(2788,21758,2,21750,0,0),(2789,21759,1,21758,0,0),(2790,21760,1,21000,0,0),(2791,21801,1,21803,0,0),(2792,21801,2,21802,0,0),(2793,21801,3,21000,0,0),(2794,21802,1,21801,0,0),(2795,21803,1,21801,0,0),(2796,21806,1,21807,0,0),(2797,21806,2,21000,0,0),(2798,21806,3,21808,0,0),(2799,21807,1,21806,0,0),(2800,21808,1,21806,0,0),(2801,21811,1,21812,0,0),(2802,21811,2,21000,0,0),(2803,21812,1,21811,0,0),(2804,21812,2,21813,0,0),(2805,21812,3,21814,0,0),(2806,21813,1,21812,0,0),(2807,21814,1,21812,0,0),(2808,21814,2,21815,0,0),(2809,21815,1,21814,0,0),(2810,21816,1,21041,0,0),(2811,21816,2,21000,0,0),(2812,21821,1,21822,0,0),(2813,21821,2,21000,0,0),(2814,21822,1,21821,0,0),(2815,21822,2,21823,0,0),(2816,21823,1,21822,0,0),(2817,21823,2,21824,0,0),(2818,21824,1,21823,0,0),(2819,21826,1,21827,0,0),(2820,21826,2,21000,0,0),(2821,21827,1,21826,0,0),(2822,21831,1,21832,0,0);
insert  into `map2map`(`id`,`mapid_src`,`doorid`,`mapid_dest`,`x`,`y`) values (2823,21831,2,21833,0,0),(2824,21831,3,21000,0,0),(2825,21832,1,21831,0,0),(2826,21833,1,21831,0,0),(2827,21833,2,21411,0,0),(2828,21836,1,21837,0,0),(2829,21836,2,21000,0,0),(2830,21837,1,21836,0,0),(2831,21841,1,21843,0,0),(2832,21841,2,21842,0,0),(2833,21841,3,21844,0,0),(2834,21841,4,21000,0,0),(2835,21842,1,21841,0,0),(2836,21843,1,21841,0,0),(2837,21844,1,21841,0,0),(2838,21846,1,21847,0,0),(2839,21846,2,21000,0,0),(2840,21847,1,21846,0,0),(2841,21847,4,21848,0,0),(2842,21848,1,21847,0,0),(2843,21851,1,21852,0,0),(2844,21851,2,21000,0,0),(2845,21852,1,21851,0,0),(2846,21852,2,21854,0,0),(2847,21852,3,21853,0,0),(2848,21852,4,21855,0,0),(2849,21853,1,21852,0,0),(2850,21854,1,21852,0,0),(2851,21855,1,21852,0,0),(2852,21855,2,21856,0,0),(2853,21855,3,21857,0,0),(2854,21856,1,21855,0,0),(2855,21857,1,21855,0,0),(2856,21861,1,21862,0,0),(2857,21861,2,21863,0,0),(2858,21861,3,21000,0,0),(2859,21862,1,21861,0,0),(2860,21862,2,21864,0,0),(2861,21863,1,21861,0,0),(2862,21863,2,21864,0,0),(2863,21864,1,21862,0,0),(2864,21864,2,21863,0,0),(2865,21864,3,21000,0,0),(2866,21871,1,21872,0,0),(2867,21871,2,21874,0,0),(2868,21871,3,21000,0,0),(2869,21872,1,21871,0,0),(2870,21872,2,21873,0,0),(2871,21873,1,21872,0,0),(2872,21874,1,21871,0,0),(2873,21874,2,21875,0,0);
insert  into `map2map`(`id`,`mapid_src`,`doorid`,`mapid_dest`,`x`,`y`) values (2874,21875,1,21874,0,0),(2875,21881,1,21011,0,0),(2876,21881,2,21882,0,0),(2877,21881,3,21000,0,0),(2878,21882,1,21883,0,0),(2879,21882,2,21881,0,0),(2880,21883,1,21882,0,0),(2881,21884,1,21541,0,0),(2882,21884,2,21013,0,0),(2883,21891,1,21051,0,0),(2884,21891,2,21000,0,0),(2885,22000,1,14521,0,0),(2886,22000,2,14523,0,0),(2887,22000,3,14841,0,0),(2888,22000,4,14411,0,0),(2889,22000,5,14011,0,0),(2890,22000,6,14506,0,0),(2891,22000,7,14871,0,0),(2892,22000,8,14001,862,675),(2893,22000,9,14851,0,0),(2894,22000,10,14421,0,0),(2895,22000,11,14541,0,0),(2896,22000,12,14811,0,0),(2897,22000,13,14403,0,0),(2898,22000,14,14501,0,0),(2899,22000,15,14801,0,0),(2900,22000,16,14831,0,0),(2901,22000,17,14821,0,0),(2902,22000,18,14431,0,0),(2903,22000,19,13000,142,455),(2904,22000,20,14441,0,0),(2905,23000,1,21000,0,0),(2906,23000,2,23841,0,0),(2907,23000,3,23891,0,0),(2908,23000,4,23501,0,0),(2909,23000,5,23861,0,0),(2910,23000,6,23871,0,0),(2911,23000,7,23881,0,0),(2912,23000,8,23401,0,0),(2913,23000,9,23011,0,0),(2914,23000,10,23421,0,0),(2915,23000,11,23530,0,0),(2916,23000,12,23521,0,0),(2917,23000,13,23539,0,0),(2918,23000,14,23831,0,0),(2919,23000,15,23041,0,0),(2920,23000,16,23051,0,0),(2921,23000,17,23821,0,0),(2922,23000,18,23551,0,0);
insert  into `map2map`(`id`,`mapid_src`,`doorid`,`mapid_dest`,`x`,`y`) values (2923,23000,19,23811,0,0),(2924,23000,20,23001,0,0),(2925,23000,21,23431,0,0),(2926,23000,22,23801,0,0),(2927,23000,23,23851,0,0),(2928,23000,26,23806,0,0),(2929,23000,27,26000,0,0),(2930,23001,1,23002,0,0),(2931,23001,2,23000,0,0),(2932,23002,1,23001,0,0),(2933,23002,2,23132,0,0),(2934,23002,3,23101,0,0),(2935,23002,4,23131,0,0),(2936,23002,5,23171,0,0),(2937,23002,6,23201,0,0),(2938,23002,7,23301,0,0),(2939,23002,8,23241,0,0),(2940,23002,9,23003,0,0),(2941,23003,1,23002,0,0),(2942,23003,2,23281,0,0),(2943,23003,3,23261,0,0),(2944,23003,4,23221,0,0),(2945,23003,5,23172,0,0),(2946,23011,1,23012,0,0),(2947,23011,2,23000,0,0),(2948,23012,1,23011,0,0),(2949,23012,2,23173,0,0),(2950,23012,3,23133,0,0),(2951,23012,4,23242,0,0),(2952,23012,5,23262,0,0),(2953,23021,1,23411,0,0),(2954,23021,2,23175,0,0),(2955,23021,3,23176,0,0),(2956,23021,4,23177,0,0),(2957,23021,5,23174,0,0),(2958,23031,1,23402,0,0),(2959,23031,2,23102,0,0),(2960,23031,3,23103,0,0),(2961,23031,4,23134,0,0),(2962,23031,5,23135,0,0),(2963,23041,1,23302,0,0),(2964,23041,2,23104,0,0),(2965,23041,3,23178,0,0),(2966,23041,4,23136,0,0),(2967,23041,5,23000,0,0),(2968,23051,1,23105,0,0),(2969,23051,2,23107,0,0),(2970,23051,3,23106,0,0),(2971,23051,4,23000,0,0),(2972,23101,1,23002,0,0);
insert  into `map2map`(`id`,`mapid_src`,`doorid`,`mapid_dest`,`x`,`y`) values (2973,23102,1,23031,0,0),(2974,23103,1,23031,0,0),(2975,23104,1,23041,0,0),(2976,23105,1,23051,0,0),(2977,23106,1,23051,0,0),(2978,23107,1,23051,0,0),(2979,23131,1,23002,0,0),(2980,23132,1,23002,0,0),(2981,23133,1,23012,0,0),(2982,23134,1,23031,0,0),(2983,23135,1,23031,0,0),(2984,23136,1,23041,0,0),(2985,23171,1,23002,0,0),(2986,23172,1,23003,0,0),(2987,23173,1,23012,0,0),(2988,23174,1,23021,0,0),(2989,23175,1,23021,0,0),(2990,23176,1,23021,0,0),(2991,23177,1,23021,0,0),(2992,23178,1,23041,0,0),(2993,23179,1,23862,0,0),(2994,23180,1,23891,0,0),(2995,23201,1,23002,0,0),(2996,23221,1,23003,0,0),(2997,23241,1,23002,0,0),(2998,23242,1,23012,0,0),(2999,23261,1,23003,0,0),(3000,23262,1,23012,0,0),(3001,23281,1,23003,0,0),(3002,23301,1,23002,0,0),(3003,23302,1,23041,0,0),(3004,23401,1,23402,0,0),(3005,23401,2,23000,0,0),(3006,23402,1,23401,0,0),(3007,23402,2,23403,0,0),(3008,23402,3,23031,0,0),(3009,23403,1,23402,0,0),(3010,23411,1,23506,0,0),(3011,23411,2,23021,0,0),(3012,23421,1,23422,0,0),(3013,23421,2,23000,0,0),(3014,23422,1,23421,0,0),(3015,23422,2,23424,0,0),(3016,23422,3,23423,0,0),(3017,23423,1,23422,0,0),(3018,23424,1,23422,0,0),(3019,23431,1,23561,0,0),(3020,23431,2,23000,0,0),(3021,23501,1,23502,0,0),(3022,23501,2,23000,0,0),(3023,23502,1,23501,0,0);
insert  into `map2map`(`id`,`mapid_src`,`doorid`,`mapid_dest`,`x`,`y`) values (3024,23502,2,23503,0,0),(3025,23502,3,23506,0,0),(3026,23503,1,23502,0,0),(3027,23503,2,23504,0,0),(3028,23504,1,23503,0,0),(3029,23504,2,23505,0,0),(3030,23505,1,23504,0,0),(3031,23506,1,23502,0,0),(3032,23506,2,23411,0,0),(3033,23511,1,23861,0,0),(3034,23511,2,23512,0,0),(3035,23512,1,23511,0,0),(3036,23512,2,23513,0,0),(3037,23512,3,23517,0,0),(3038,23513,1,23512,0,0),(3039,23513,2,23514,0,0),(3040,23514,1,23513,0,0),(3041,23514,2,23515,0,0),(3042,23514,3,23516,0,0),(3043,23515,1,23514,0,0),(3044,23516,1,23514,0,0),(3045,23517,1,23512,0,0),(3046,23517,2,23518,0,0),(3047,23518,1,23517,0,0),(3048,23518,2,23519,0,0),(3049,23519,1,23518,0,0),(3050,23521,1,23522,0,0),(3051,23521,2,23000,0,0),(3052,23522,1,23523,0,0),(3053,23522,2,23532,0,0),(3054,23522,3,23521,0,0),(3055,23523,1,23522,0,0),(3056,23523,2,23524,0,0),(3057,23523,3,23525,0,0),(3058,23523,4,23526,0,0),(3059,23524,1,23523,0,0),(3060,23525,1,23523,0,0),(3061,23526,1,23523,0,0),(3062,23526,2,23530,0,0),(3063,23526,3,23527,0,0),(3064,23527,1,23526,0,0),(3065,23527,2,23528,0,0),(3066,23528,1,23527,0,0),(3067,23528,2,23529,0,0),(3068,23529,1,23528,0,0),(3069,23530,1,23526,0,0),(3070,23530,2,23531,0,0),(3071,23530,3,23000,0,0),(3072,23531,1,23530,0,0),(3073,23532,1,23522,0,0),(3074,23532,2,23533,0,0);
insert  into `map2map`(`id`,`mapid_src`,`doorid`,`mapid_dest`,`x`,`y`) values (3075,23532,3,23534,0,0),(3076,23532,4,23535,0,0),(3077,23533,1,23532,0,0),(3078,23534,1,23532,0,0),(3079,23535,1,23532,0,0),(3080,23535,2,23536,0,0),(3081,23535,3,23539,0,0),(3082,23536,1,23535,0,0),(3083,23536,2,23537,0,0),(3084,23537,1,23536,0,0),(3085,23537,2,23538,0,0),(3086,23538,1,23537,0,0),(3087,23539,1,23535,0,0),(3088,23539,2,23540,0,0),(3089,23539,3,23000,0,0),(3090,23540,1,23539,0,0),(3091,23551,1,23552,0,0),(3092,23551,2,23000,0,0),(3093,23552,1,23551,0,0),(3094,23552,2,23553,0,0),(3095,23552,3,23555,0,0),(3096,23553,1,23552,0,0),(3097,23553,2,23554,0,0),(3098,23554,1,23553,0,0),(3099,23555,1,23552,0,0),(3100,23555,2,23556,0,0),(3101,23556,1,23555,0,0),(3102,23561,1,23431,0,0),(3103,23561,2,23562,0,0),(3104,23561,3,23563,0,0),(3105,23562,1,23561,0,0),(3106,23562,2,23564,0,0),(3107,23563,1,23561,0,0),(3108,23563,2,23564,0,0),(3109,23564,1,23562,0,0),(3110,23564,2,23563,0,0),(3111,23564,3,23565,0,0),(3112,23564,4,23566,0,0),(3113,23565,1,23564,0,0),(3114,23565,2,23568,0,0),(3115,23565,3,23567,0,0),(3116,23566,1,23564,0,0),(3117,23566,2,23568,0,0),(3118,23566,3,23569,0,0),(3119,23567,1,23565,0,0),(3120,23568,1,23565,0,0),(3121,23568,2,23566,0,0),(3122,23569,1,23566,0,0),(3123,23801,1,23802,0,0),(3124,23801,2,23000,0,0),(3125,23802,1,23801,0,0);
insert  into `map2map`(`id`,`mapid_src`,`doorid`,`mapid_dest`,`x`,`y`) values (3126,23802,2,23803,0,0),(3127,23803,1,23802,0,0),(3128,23803,2,23804,0,0),(3129,23804,1,23803,0,0),(3130,23806,1,23808,0,0),(3131,23806,2,23807,0,0),(3132,23806,3,23000,0,0),(3133,23807,1,23806,0,0),(3134,23808,1,23806,0,0),(3135,23808,2,23809,0,0),(3136,23809,1,23808,0,0),(3137,23811,1,23812,0,0),(3138,23811,2,23000,0,0),(3139,23812,1,23811,0,0),(3140,23821,1,23822,0,0),(3141,23821,2,23000,0,0),(3142,23822,1,23821,0,0),(3143,23831,1,23000,0,0),(3144,23841,1,23842,0,0),(3145,23841,2,23000,0,0),(3146,23842,1,23841,0,0),(3147,23851,1,23000,0,0),(3148,23861,1,23862,0,0),(3149,23861,2,23511,0,0),(3150,23861,3,23000,0,0),(3151,23862,1,23179,0,0),(3152,23862,2,23861,0,0),(3153,23871,1,23872,0,0),(3154,23871,2,23000,0,0),(3155,23872,1,23871,0,0),(3156,23872,2,23873,0,0),(3157,23873,1,23872,0,0),(3158,23881,1,23882,0,0),(3159,23881,2,23000,0,0),(3160,23882,1,23881,0,0),(3161,23891,1,23180,0,0),(3162,23891,2,23000,0,0),(3163,24000,1,24001,0,0),(3164,24000,2,24041,0,0),(3165,24000,3,24011,0,0),(3166,24000,4,24806,0,0),(3167,24000,5,24411,0,0),(3168,24000,6,24421,0,0),(3169,24000,7,24431,0,0),(3170,24000,8,24801,0,0),(3171,24000,9,24811,0,0),(3172,24000,10,24821,0,0),(3173,24000,11,24831,0,0),(3174,24000,12,24841,0,0),(3175,24000,13,24861,0,0);
insert  into `map2map`(`id`,`mapid_src`,`doorid`,`mapid_dest`,`x`,`y`) values (3176,24000,14,24871,0,0),(3177,24000,15,24881,0,0),(3178,24000,16,24851,0,0),(3179,24000,17,24521,0,0),(3180,24000,18,24511,0,0),(3181,24000,20,24509,0,0),(3182,24000,21,24501,0,0),(3183,24000,22,24505,0,0),(3184,24000,23,14862,0,0),(3185,24000,24,24031,0,0),(3186,24000,25,24051,0,0),(3187,24000,26,24401,0,0),(3188,24001,1,24002,0,0),(3189,24001,2,24000,0,0),(3190,24002,1,24001,0,0),(3191,24002,2,24003,0,0),(3192,24002,3,24261,0,0),(3193,24002,4,24241,0,0),(3194,24002,5,24131,0,0),(3195,24003,1,24002,0,0),(3196,24003,2,24101,0,0),(3197,24003,3,24301,0,0),(3198,24003,4,24171,0,0),(3199,24011,1,24012,0,0),(3200,24011,2,24000,0,0),(3201,24012,1,24011,0,0),(3202,24012,2,24013,0,0),(3203,24012,3,24172,0,0),(3204,24012,4,24242,0,0),(3205,24012,5,24262,0,0),(3206,24013,1,24012,0,0),(3207,24013,2,24891,0,0),(3208,24013,3,24221,0,0),(3209,24013,4,24132,0,0),(3210,24013,5,24102,0,0),(3211,24021,1,24806,0,0),(3212,24021,2,24173,0,0),(3213,24021,3,24133,0,0),(3214,24021,4,24103,0,0),(3215,24021,5,24302,0,0),(3216,24021,6,24243,0,0),(3217,24031,1,24134,0,0),(3218,24031,2,24104,0,0),(3219,24031,3,24135,0,0),(3220,24031,4,24000,0,0),(3221,24041,1,24174,0,0),(3222,24041,2,24105,0,0),(3223,24041,3,24000,0,0),(3224,24051,1,24175,0,0),(3225,24051,2,24136,0,0);
insert  into `map2map`(`id`,`mapid_src`,`doorid`,`mapid_dest`,`x`,`y`) values (3226,24051,3,24106,0,0),(3227,24051,4,24000,0,0),(3228,24101,1,24003,0,0),(3229,24102,1,24013,0,0),(3230,24103,1,24021,0,0),(3231,24104,1,24031,0,0),(3232,24105,1,24041,0,0),(3233,24106,1,24051,0,0),(3234,24131,1,24002,0,0),(3235,24132,1,24013,0,0),(3236,24133,1,24021,0,0),(3237,24134,1,24031,0,0),(3238,24135,1,24031,0,0),(3239,24136,1,24051,0,0),(3240,24171,1,24003,0,0),(3241,24172,1,24012,0,0),(3242,24173,1,24021,0,0),(3243,24174,1,24041,0,0),(3244,24175,1,24051,0,0),(3245,24221,1,24013,0,0),(3246,24241,1,24002,0,0),(3247,24242,1,24012,0,0),(3248,24243,1,24021,0,0),(3249,24261,1,24002,0,0),(3250,24262,1,24012,0,0),(3251,24301,1,24003,0,0),(3252,24302,1,24021,0,0),(3253,24401,1,24402,0,0),(3254,24401,2,24403,0,0),(3255,24401,3,24000,0,0),(3256,24402,1,24401,0,0),(3257,24403,1,24401,0,0),(3258,24411,1,24412,0,0),(3259,24411,2,24000,0,0),(3260,24412,1,24411,0,0),(3261,24412,2,24413,0,0),(3262,24413,1,24412,0,0),(3263,24413,2,24414,0,0),(3264,24413,3,24415,0,0),(3265,24413,4,24416,0,0),(3266,24413,5,24417,0,0),(3267,24414,1,24413,0,0),(3268,24415,1,24413,0,0),(3269,24416,1,24413,0,0),(3270,24417,1,24413,0,0),(3271,24421,1,24422,0,0),(3272,24421,2,24000,0,0),(3273,24422,1,24421,0,0),(3274,24422,2,24423,0,0),(3275,24423,1,24422,0,0),(3276,24431,1,24432,0,0);
insert  into `map2map`(`id`,`mapid_src`,`doorid`,`mapid_dest`,`x`,`y`) values (3277,24431,2,24000,0,0),(3278,24432,1,24431,0,0),(3279,24501,1,24000,0,0),(3280,24501,2,24502,0,0),(3281,24502,1,24501,0,0),(3282,24502,2,24503,0,0),(3283,24502,3,24507,0,0),(3284,24503,1,24502,0,0),(3285,24503,2,24504,0,0),(3286,24504,1,24503,0,0),(3287,24504,2,24505,0,0),(3288,24504,3,24506,0,0),(3289,24505,1,24504,0,0),(3290,24505,2,24000,0,0),(3291,24506,1,24504,0,0),(3292,24507,1,24502,0,0),(3293,24507,2,24508,0,0),(3294,24508,1,24507,0,0),(3295,24508,2,24510,0,0),(3296,24508,3,24509,0,0),(3297,24509,1,24508,0,0),(3298,24509,2,24000,0,0),(3299,24510,1,24508,0,0),(3300,24511,1,24000,0,0),(3301,24511,3,24515,0,0),(3302,24511,4,24512,0,0),(3303,24512,1,24511,0,0),(3304,24512,2,24513,0,0),(3305,24512,3,24514,0,0),(3306,24513,1,24512,0,0),(3307,24514,1,24512,0,0),(3308,24515,1,24511,0,0),(3309,24515,2,24517,0,0),(3310,24515,3,24516,0,0),(3311,24516,1,24515,0,0),(3312,24517,1,24515,0,0),(3313,24521,1,24522,0,0),(3314,24521,2,24000,0,0),(3315,24522,1,24521,0,0),(3316,24522,2,24523,0,0),(3317,24522,3,24524,0,0),(3318,24523,1,24525,0,0),(3319,24523,2,24522,0,0),(3320,24524,1,24522,0,0),(3321,24524,2,24525,0,0),(3322,24525,1,24523,0,0),(3323,24525,2,24524,0,0),(3324,24531,1,24832,0,0),(3325,24531,2,24834,0,0),(3326,24801,1,24802,0,0),(3327,24801,2,24000,0,0);
insert  into `map2map`(`id`,`mapid_src`,`doorid`,`mapid_dest`,`x`,`y`) values (3328,24802,1,24803,0,0),(3329,24802,2,24801,0,0),(3330,24803,1,24802,0,0),(3331,24806,1,24021,0,0),(3332,24806,2,24000,0,0),(3333,24811,1,24812,0,0),(3334,24811,2,24000,0,0),(3335,24812,1,24811,0,0),(3336,24821,1,24000,0,0),(3337,24831,1,24832,0,0),(3338,24831,2,24000,0,0),(3339,24832,1,24831,0,0),(3340,24832,2,24833,0,0),(3341,24832,3,24531,0,0),(3342,24833,1,24832,0,0),(3343,24834,1,24531,0,0),(3344,24841,1,24842,0,0),(3345,24841,2,24843,0,0),(3346,24841,3,24000,0,0),(3347,24842,1,24841,0,0),(3348,24843,1,24841,0,0),(3349,24851,1,24852,0,0),(3350,24851,2,24000,0,0),(3351,24851,3,24857,0,0),(3352,24852,1,24853,0,0),(3353,24852,2,24851,0,0),(3354,24852,3,24854,0,0),(3355,24853,1,24852,0,0),(3356,24854,1,24852,0,0),(3357,24854,2,24855,0,0),(3358,24855,1,24856,0,0),(3359,24855,2,24854,0,0),(3360,24855,3,25404,0,0),(3361,24856,1,24855,0,0),(3362,24857,1,24851,0,0),(3363,24875,1,24851,0,0),(3364,24861,1,24863,0,0),(3365,24861,2,24862,0,0),(3366,24861,3,24000,0,0),(3367,24862,1,24861,0,0),(3368,24863,1,24861,0,0),(3369,24871,1,24000,0,0),(3370,24881,1,24882,0,0),(3371,24881,2,24000,0,0),(3372,24882,1,24881,0,0),(3373,24891,1,24013,0,0),(3374,25000,3,25541,0,0),(3375,25000,4,25701,0,0),(3376,25000,5,25806,0,0),(3377,25000,6,25811,0,0),(3378,25000,7,25821,0,0);
insert  into `map2map`(`id`,`mapid_src`,`doorid`,`mapid_dest`,`x`,`y`) values (3379,25000,8,25841,0,0),(3380,25000,9,25881,0,0),(3381,25000,10,25831,0,0),(3382,25000,11,25846,0,0),(3383,25000,12,25871,0,0),(3384,25000,13,25896,0,0),(3385,25000,14,25521,0,0),(3386,25000,15,25524,0,0),(3387,25000,16,25527,0,0),(3388,25000,17,25861,0,0),(3389,25000,18,25865,0,0),(3390,25000,19,25851,0,0),(3391,25000,20,25401,0,0),(3392,25000,21,25411,0,0),(3393,25000,22,25419,0,0),(3394,25000,23,25531,0,0),(3395,25000,25,25041,0,0),(3396,25000,26,25001,0,0),(3397,25000,27,25011,0,0),(3398,25000,28,25451,0,0),(3399,25000,29,25454,0,0),(3400,25000,30,25471,0,0),(3401,25000,31,25481,0,0),(3402,25000,33,25491,0,0),(3403,25000,34,25801,0,0),(3404,25000,35,25501,0,0),(3405,25000,36,25431,0,0),(3406,25000,37,25440,0,0),(3407,25000,38,25461,0,0),(3408,25000,39,25511,0,0),(3409,25000,40,25518,0,0),(3410,25000,41,25515,0,0),(3411,25000,42,25441,0,0),(3412,25000,43,25447,0,0),(3413,25000,44,25426,0,0),(3414,25000,45,25425,0,0),(3415,25000,46,21000,0,0),(3416,25000,47,25836,0,0),(3417,25001,1,25002,0,0),(3418,25001,2,25000,0,0),(3419,25002,1,25001,0,0),(3420,25002,2,25005,0,0),(3421,25002,3,25102,0,0),(3422,25002,4,25003,0,0),(3423,25002,5,25101,0,0),(3424,25002,6,25221,0,0),(3425,25002,7,25261,0,0),(3426,25002,8,25241,0,0),(3427,25002,9,25171,0,0);
insert  into `map2map`(`id`,`mapid_src`,`doorid`,`mapid_dest`,`x`,`y`) values (3428,25002,10,25201,0,0),(3429,25002,11,25103,0,0),(3430,25002,12,25281,0,0),(3431,25002,13,25301,0,0),(3432,25003,1,25002,0,0),(3433,25003,2,25004,0,0),(3434,25003,3,25133,0,0),(3435,25003,4,25173,0,0),(3436,25003,5,25174,0,0),(3437,25003,6,25172,0,0),(3438,25003,7,25131,0,0),(3439,25003,8,25132,0,0),(3440,25004,1,25003,0,0),(3441,25004,2,25303,0,0),(3442,25005,1,25302,0,0),(3443,25005,2,25134,0,0),(3444,25005,3,25002,0,0),(3445,25011,1,25012,0,0),(3446,25011,2,25000,0,0),(3447,25012,1,25011,0,0),(3448,25012,2,25013,0,0),(3449,25012,3,25262,0,0),(3450,25012,4,25242,0,0),(3451,25012,5,25175,0,0),(3452,25012,6,25135,0,0),(3453,25012,7,25305,0,0),(3454,25012,8,25176,0,0),(3455,25013,1,25012,0,0),(3456,25013,2,25136,0,0),(3457,25013,3,25104,0,0),(3458,25013,4,25306,0,0),(3459,25013,5,25222,0,0),(3460,25013,6,25202,0,0),(3461,25013,7,25177,0,0),(3462,25013,8,25014,0,0),(3463,25014,1,25013,0,0),(3464,25021,1,25452,0,0),(3465,25021,2,25022,0,0),(3466,25022,1,25021,0,0),(3467,25022,2,25137,0,0),(3468,25022,3,25263,0,0),(3469,25022,4,25243,0,0),(3470,25022,5,25282,0,0),(3471,25022,6,25178,0,0),(3472,25022,7,25023,0,0),(3473,25023,1,25022,0,0),(3474,25023,2,25307,0,0),(3475,25031,1,25861,0,0),(3476,25031,2,25032,0,0),(3477,25032,1,25031,0,0),(3478,25032,2,25244,0,0);
insert  into `map2map`(`id`,`mapid_src`,`doorid`,`mapid_dest`,`x`,`y`) values (3479,25032,3,25309,0,0),(3480,25032,4,25264,0,0),(3481,25032,5,25138,0,0),(3482,25032,6,25105,0,0),(3483,25032,7,25106,0,0),(3484,25032,8,25139,0,0),(3485,25032,9,25033,0,0),(3486,25033,1,25032,0,0),(3487,25033,2,25283,0,0),(3488,25033,3,25223,0,0),(3489,25033,4,25203,0,0),(3490,25033,5,25179,0,0),(3491,25041,1,25042,0,0),(3492,25041,2,25000,0,0),(3493,25042,1,25041,0,0),(3494,25042,2,25140,0,0),(3495,25042,3,25107,0,0),(3496,25042,4,25265,0,0),(3497,25042,5,25310,0,0),(3498,25042,6,25245,0,0),(3499,25051,1,25851,0,0),(3500,25051,2,25266,0,0),(3501,25051,3,25181,0,0),(3502,25051,4,25141,0,0),(3503,25051,5,25108,0,0),(3504,25051,6,25311,0,0),(3505,25051,7,25182,0,0),(3506,25051,8,25246,0,0),(3507,25101,1,25002,0,0),(3508,25102,1,25002,0,0),(3509,25103,1,25002,0,0),(3510,25104,1,25013,0,0),(3511,25105,1,25032,0,0),(3512,25106,1,25032,0,0),(3513,25107,1,25042,0,0),(3514,25108,1,25051,0,0),(3515,25131,1,25003,0,0),(3516,25132,1,25003,0,0),(3517,25133,1,25003,0,0),(3518,25134,1,25005,0,0),(3519,25135,1,25012,0,0),(3520,25136,1,25013,0,0),(3521,25137,1,25022,0,0),(3522,25138,1,25032,0,0),(3523,25139,1,25032,0,0),(3524,25140,1,25042,0,0),(3525,25141,1,25051,0,0),(3526,25171,1,25002,0,0),(3527,25172,1,25003,0,0),(3528,25173,1,25003,0,0),(3529,25174,1,25003,0,0);
insert  into `map2map`(`id`,`mapid_src`,`doorid`,`mapid_dest`,`x`,`y`) values (3530,25175,1,25012,0,0),(3531,25176,1,25012,0,0),(3532,25177,1,25013,0,0),(3533,25178,1,25022,0,0),(3534,25179,1,25033,0,0),(3535,25181,1,25051,0,0),(3536,25182,1,25051,0,0),(3537,25183,1,25806,0,0),(3538,25201,1,25002,0,0),(3539,25202,1,25013,0,0),(3540,25203,1,25033,0,0),(3541,25221,1,25002,0,0),(3542,25222,1,25013,0,0),(3543,25223,1,25033,0,0),(3544,25241,1,25002,0,0),(3545,25242,1,25012,0,0),(3546,25243,1,25022,0,0),(3547,25244,1,25032,0,0),(3548,25245,1,25042,0,0),(3549,25246,1,25051,0,0),(3550,25261,1,25002,0,0),(3551,25262,1,25012,0,0),(3552,25263,1,25022,0,0),(3553,25264,1,25032,0,0),(3554,25265,1,25042,0,0),(3555,25266,1,25051,0,0),(3556,25281,1,25002,0,0),(3557,25282,1,25022,0,0),(3558,25283,1,25033,0,0),(3559,25301,1,25002,0,0),(3560,25302,1,25005,0,0),(3561,25303,1,25004,0,0),(3562,25303,2,25304,0,0),(3563,25304,1,25303,0,0),(3564,25305,1,25012,0,0),(3565,25306,1,25013,0,0),(3566,25307,1,25308,0,0),(3567,25307,2,25023,0,0),(3568,25308,1,25307,0,0),(3569,25309,1,25032,0,0),(3570,25310,1,25042,0,0),(3571,25311,1,25051,0,0),(3572,25401,1,25402,0,0),(3573,25401,2,25000,0,0),(3574,25402,1,25401,0,0),(3575,25402,2,25403,0,0),(3576,25403,1,25402,0,0),(3577,25403,2,24855,0,0),(3578,25404,1,25405,0,0),(3579,25404,2,24855,0,0),(3580,25405,1,25404,0,0);
insert  into `map2map`(`id`,`mapid_src`,`doorid`,`mapid_dest`,`x`,`y`) values (3581,25405,2,25406,0,0),(3582,25406,1,25405,0,0),(3583,25406,2,25000,0,0),(3584,25411,1,25412,0,0),(3585,25411,2,25000,0,0),(3586,25412,1,25411,0,0),(3587,25412,2,25415,0,0),(3588,25413,1,25414,0,0),(3589,25413,2,25415,0,0),(3590,25414,1,25413,0,0),(3591,25414,2,25000,0,0),(3592,25415,1,25416,0,0),(3593,25415,2,25417,0,0),(3594,25415,3,25413,0,0),(3595,25416,1,25415,0,0),(3596,25417,1,25415,0,0),(3597,25417,2,25418,0,0),(3598,25418,1,25417,0,0),(3599,25418,2,25419,0,0),(3600,25419,1,25418,0,0),(3601,25419,2,25420,0,0),(3602,25419,3,25000,0,0),(3603,25420,1,25419,0,0),(3604,25421,1,25422,0,0),(3605,25421,2,25426,0,0),(3606,25422,1,25425,0,0),(3607,25422,2,25421,0,0),(3608,25423,1,25424,0,0),(3609,25423,2,25425,0,0),(3610,25424,1,25426,0,0),(3611,25424,2,25423,0,0),(3612,25425,1,25427,0,0),(3613,25425,2,25423,0,0),(3614,25425,3,25000,0,0),(3615,25426,2,25421,0,0),(3616,25426,3,25000,0,0),(3617,25427,1,25425,0,0),(3618,25431,1,25432,0,0),(3619,25431,2,25000,0,0),(3620,25432,2,25431,0,0),(3621,25433,1,25434,0,0),(3622,25433,2,25435,0,0),(3623,25434,1,25433,0,0),(3624,25434,2,25000,0,0),(3625,25435,1,25438,0,0),(3626,25435,2,25436,0,0),(3627,25435,3,25433,0,0),(3628,25436,1,25435,0,0),(3629,25436,2,25437,0,0),(3630,25437,1,25440,0,0),(3631,25437,2,25436,0,0);
insert  into `map2map`(`id`,`mapid_src`,`doorid`,`mapid_dest`,`x`,`y`) values (3632,25438,1,25435,0,0),(3633,25438,2,25439,0,0),(3634,25439,1,25440,0,0),(3635,25439,2,25438,0,0),(3636,25440,1,25504,0,0),(3637,25440,2,25437,0,0),(3638,25440,3,25439,0,0),(3639,25440,4,25000,0,0),(3640,25441,1,25442,0,0),(3641,25441,2,25000,0,0),(3642,25442,1,25441,0,0),(3643,25442,2,25445,0,0),(3644,25443,1,25444,0,0),(3645,25443,2,25445,0,0),(3646,25444,1,25443,0,0),(3647,25444,2,25000,0,0),(3648,25445,1,25446,0,0),(3649,25445,2,25443,0,0),(3650,25446,1,25445,0,0),(3651,25446,2,25447,0,0),(3652,25447,1,25448,0,0),(3653,25447,2,25446,0,0),(3654,25447,3,25449,0,0),(3655,25447,4,25000,0,0),(3656,25448,1,25447,0,0),(3657,25449,1,25447,0,0),(3658,25451,1,25452,0,0),(3659,25451,2,25000,0,0),(3660,25452,1,25451,0,0),(3661,25452,2,25453,0,0),(3662,25452,3,25021,0,0),(3663,25453,1,25452,0,0),(3664,25453,2,25454,0,0),(3665,25454,1,25453,0,0),(3666,25454,2,25000,0,0),(3667,25461,1,25462,0,0),(3668,25461,2,25000,0,0),(3669,25462,1,25461,0,0),(3670,25462,2,25463,0,0),(3671,25463,1,25462,0,0),(3672,25463,2,25464,0,0),(3673,25463,3,25465,0,0),(3674,25464,1,25463,0,0),(3675,25465,1,25463,0,0),(3676,25471,1,25472,0,0),(3677,25471,2,25000,0,0),(3678,25472,1,25471,0,0),(3679,25472,2,25473,0,0),(3680,25473,1,25472,0,0),(3681,25481,1,25483,0,0),(3682,25481,2,25482,0,0);
insert  into `map2map`(`id`,`mapid_src`,`doorid`,`mapid_dest`,`x`,`y`) values (3683,25481,3,25000,0,0),(3684,25482,1,25481,0,0),(3685,25483,1,25481,0,0),(3686,25491,1,25000,0,0),(3687,25501,1,25502,0,0),(3688,25501,2,25000,0,0),(3689,25502,1,25501,0,0),(3690,25502,2,25503,0,0),(3691,25502,3,25504,0,0),(3692,25503,1,25502,0,0),(3693,25504,1,25502,0,0),(3694,25504,2,25440,0,0),(3695,25511,1,25514,0,0),(3696,25511,2,25512,0,0),(3697,25511,3,25000,0,0),(3698,25512,1,25511,0,0),(3699,25512,2,25513,0,0),(3700,25513,1,25512,0,0),(3701,25514,1,25515,0,0),(3702,25514,2,25518,0,0),(3703,25514,3,25511,0,0),(3704,25515,1,25516,0,0),(3705,25515,2,25514,0,0),(3706,25515,3,25000,0,0),(3707,25516,1,25517,0,0),(3708,25516,2,25515,0,0),(3709,25517,1,25516,0,0),(3710,25518,1,25514,0,0),(3711,25518,2,25000,0,0),(3712,25521,1,25522,0,0),(3713,25521,2,25000,0,0),(3714,25522,1,25521,0,0),(3715,25522,2,25523,0,0),(3716,25522,3,25524,0,0),(3717,25523,1,25522,0,0),(3718,25524,1,25522,0,0),(3719,25524,2,25525,0,0),(3720,25524,3,25000,0,0),(3721,25525,1,25524,0,0),(3722,25525,2,25527,0,0),(3723,25525,3,25526,0,0),(3724,25526,1,25525,0,0),(3725,25527,1,25525,0,0),(3726,25527,2,25000,0,0),(3727,25531,1,25532,0,0),(3728,25531,2,25000,0,0),(3729,25532,1,25531,0,0),(3730,25532,2,25534,0,0),(3731,25532,3,25533,0,0),(3732,25533,1,25535,0,0),(3733,25533,2,25532,0,0);
insert  into `map2map`(`id`,`mapid_src`,`doorid`,`mapid_dest`,`x`,`y`) values (3734,25534,1,25535,0,0),(3735,25534,2,25532,0,0),(3736,25535,1,25533,0,0),(3737,25535,2,25534,0,0),(3738,25535,3,25536,0,0),(3739,25536,1,25535,0,0),(3740,25536,2,25537,0,0),(3741,25536,3,25539,0,0),(3742,25537,1,25538,0,0),(3743,25537,2,25536,0,0),(3744,25538,1,25537,0,0),(3745,25539,1,25540,0,0),(3746,25539,2,25536,0,0),(3747,25540,1,25539,0,0),(3748,25541,1,25542,0,0),(3749,25541,2,25000,0,0),(3750,25542,1,25541,0,0),(3751,25542,2,25543,0,0),(3752,25542,3,25544,0,0),(3753,25543,1,25542,0,0),(3754,25544,1,25542,0,0),(3755,25551,1,25831,0,0),(3756,25551,2,25552,0,0),(3757,25552,1,25551,0,0),(3758,25552,2,25553,0,0),(3759,25552,3,25554,0,0),(3760,25553,1,25552,0,0),(3761,25554,1,25552,0,0),(3762,25701,1,25702,0,0),(3763,25701,2,25703,0,0),(3764,25701,3,25704,0,0),(3765,25701,4,25705,0,0),(3766,25701,5,25706,0,0),(3767,25701,6,25000,0,0),(3768,25702,1,25701,0,0),(3769,25703,1,25701,0,0),(3770,25704,1,25701,0,0),(3771,25705,1,25701,0,0),(3772,25706,1,25701,0,0),(3773,25706,2,25710,0,0),(3774,25706,3,25709,0,0),(3775,25706,4,25707,0,0),(3776,25706,5,25708,0,0),(3777,25707,1,25706,0,0),(3778,25708,1,25706,0,0),(3779,25709,1,25706,0,0),(3780,25710,1,25706,0,0),(3781,25801,1,25802,0,0),(3782,25801,2,25000,0,0),(3783,25802,1,25801,0,0),(3784,25802,2,25803,0,0);
insert  into `map2map`(`id`,`mapid_src`,`doorid`,`mapid_dest`,`x`,`y`) values (3785,25803,1,25802,0,0),(3786,25806,1,25183,0,0),(3787,25806,2,25000,0,0),(3788,25811,1,25812,0,0),(3789,25811,2,25000,0,0),(3790,25812,1,25811,0,0),(3791,25812,2,25813,0,0),(3792,25813,1,25812,0,0),(3793,25813,2,25815,0,0),(3794,25813,3,25814,0,0),(3795,25814,1,25813,0,0),(3796,25815,1,25813,0,0),(3797,25821,1,25822,0,0),(3798,25821,2,25000,0,0),(3799,25822,1,25821,0,0),(3800,25822,2,25826,0,0),(3801,25822,3,25825,0,0),(3802,25822,4,25824,0,0),(3803,25822,5,25823,0,0),(3804,25823,1,25822,0,0),(3805,25824,1,25822,0,0),(3806,25825,1,25822,0,0),(3807,25826,1,25822,0,0),(3808,25831,1,25551,0,0),(3809,25831,2,25000,0,0),(3810,25836,1,25000,0,0),(3811,25841,1,25842,0,0),(3812,25841,2,25000,0,0),(3813,25842,1,25841,0,0),(3814,25842,2,25843,0,0),(3815,25843,1,25842,0,0),(3816,25843,2,25844,0,0),(3817,25844,1,25843,0,0),(3818,25846,1,25000,0,0),(3819,25851,1,25051,0,0),(3820,25851,2,25000,0,0),(3821,25861,1,25031,0,0),(3822,25861,2,25863,0,0),(3823,25861,3,25862,0,0),(3824,25861,4,25000,0,0),(3825,25862,1,25861,0,0),(3826,25863,2,25864,0,0),(3827,25863,3,25861,0,0),(3828,25864,1,25863,0,0),(3829,25864,2,25865,0,0),(3830,25865,1,25864,0,0),(3831,25865,2,25000,0,0),(3832,25871,1,25000,0,0),(3833,25881,1,25882,0,0),(3834,25881,2,25000,0,0),(3835,25882,1,25881,0,0);
insert  into `map2map`(`id`,`mapid_src`,`doorid`,`mapid_dest`,`x`,`y`) values (3836,25891,1,25894,0,0),(3837,25891,2,25893,0,0),(3838,25891,3,25892,0,0),(3839,25892,1,25891,0,0),(3840,25893,1,25891,0,0),(3841,25894,1,25891,0,0),(3842,25894,2,25895,0,0),(3843,25895,1,25894,0,0),(3844,25895,2,25896,0,0),(3845,25896,1,25895,0,0),(3846,25896,2,25000,0,0),(3847,26000,1,18000,0,0),(3848,26000,2,26004,0,0),(3849,26000,3,26891,0,0),(3850,26000,4,26831,0,0),(3851,26000,5,26521,0,0),(3852,26000,6,26851,0,0),(3853,26000,7,26531,0,0),(3854,26000,8,26031,0,0),(3855,26000,9,26871,0,0),(3856,26000,10,26011,0,0),(3857,26000,11,26403,0,0),(3858,26000,12,26861,0,0),(3859,26000,13,26411,0,0),(3860,26000,14,26551,0,0),(3861,26000,15,26841,0,0),(3862,26000,16,26503,0,0),(3863,26000,17,26421,0,0),(3864,26000,18,26021,0,0),(3865,26000,19,23000,0,0),(3866,26000,20,26541,0,0),(3867,26000,21,26801,0,0),(3868,26000,22,26811,0,0),(3869,26000,23,26511,0,0),(3870,26000,24,26518,0,0),(3871,26000,25,26515,0,0),(3872,26000,26,26821,0,0),(3873,26000,27,26001,0,0),(3874,26000,28,26881,0,0),(3875,26000,30,26401,0,0),(3876,26000,31,61000,0,0),(3877,26001,1,26002,0,0),(3878,26001,2,26000,0,0),(3879,26002,1,26001,0,0),(3880,26002,2,26004,0,0),(3881,26002,3,26003,0,0),(3882,26002,4,26101,0,0),(3883,26002,5,26131,0,0),(3884,26002,6,26172,0,0),(3885,26002,7,26171,0,0);
insert  into `map2map`(`id`,`mapid_src`,`doorid`,`mapid_dest`,`x`,`y`) values (3886,26002,8,26261,0,0),(3887,26002,9,26301,0,0),(3888,26002,10,26241,0,0),(3889,26003,1,26002,0,0),(3890,26003,2,26281,0,0),(3891,26003,3,26221,0,0),(3892,26003,4,26102,0,0),(3893,26003,5,26173,0,0),(3894,26004,1,26002,0,0),(3895,26004,2,26000,0,0),(3896,26011,1,26012,0,0),(3897,26011,2,26000,0,0),(3898,26012,1,26011,0,0),(3899,26012,2,26201,0,0),(3900,26012,3,26242,0,0),(3901,26012,4,26302,0,0),(3902,26012,5,26262,0,0),(3903,26012,6,26174,0,0),(3904,26012,7,26132,0,0),(3905,26012,8,26103,0,0),(3906,26021,1,26133,0,0),(3907,26021,2,26175,0,0),(3908,26021,3,26176,0,0),(3909,26021,4,26134,0,0),(3910,26021,5,26105,0,0),(3911,26021,6,26104,0,0),(3912,26021,7,26000,0,0),(3913,26031,1,26177,0,0),(3914,26031,2,26135,0,0),(3915,26031,3,26136,0,0),(3916,26031,4,26106,0,0),(3917,26031,5,26000,0,0),(3918,26041,1,26806,0,0),(3919,26041,2,26138,0,0),(3920,26041,3,26107,0,0),(3921,26041,4,26137,0,0),(3922,26041,5,26178,0,0),(3923,26051,1,26816,0,0),(3924,26051,2,26140,0,0),(3925,26051,3,26181,0,0),(3926,26051,4,26109,0,0),(3927,26051,5,26139,0,0),(3928,26051,6,26180,0,0),(3929,26051,7,26179,0,0),(3930,26051,8,26108,0,0),(3931,26101,1,26002,0,0),(3932,26102,1,26003,0,0),(3933,26103,1,26012,0,0),(3934,26104,1,26021,0,0),(3935,26105,1,26021,0,0),(3936,26106,1,26031,0,0);
insert  into `map2map`(`id`,`mapid_src`,`doorid`,`mapid_dest`,`x`,`y`) values (3937,26107,1,26041,0,0),(3938,26108,1,26051,0,0),(3939,26109,1,26051,0,0),(3940,26131,1,26002,0,0),(3941,26132,1,26012,0,0),(3942,26133,1,26021,0,0),(3943,26134,1,26021,0,0),(3944,26135,1,26031,0,0),(3945,26136,1,26031,0,0),(3946,26137,1,26041,0,0),(3947,26138,1,26041,0,0),(3948,26139,1,26051,0,0),(3949,26140,1,26051,0,0),(3950,26171,1,26002,0,0),(3951,26172,1,26002,0,0),(3952,26173,1,26003,0,0),(3953,26174,1,26012,0,0),(3954,26175,1,26021,0,0),(3955,26176,1,26021,0,0),(3956,26177,1,26031,0,0),(3957,26178,1,26041,0,0),(3958,26179,1,26051,0,0),(3959,26180,1,26051,0,0),(3960,26181,1,26051,0,0),(3961,26201,1,26012,0,0),(3962,26221,1,26003,0,0),(3963,26241,1,26002,0,0),(3964,26242,1,26012,0,0),(3965,26261,1,26002,0,0),(3966,26262,1,26012,0,0),(3967,26281,1,26003,0,0),(3968,26301,1,26002,0,0),(3969,26302,1,26012,0,0),(3970,26401,1,26402,0,0),(3971,26401,2,26000,0,0),(3972,26402,1,26401,0,0),(3973,26402,2,26000,0,0),(3974,26403,1,26404,0,0),(3975,26403,2,26000,0,0),(3976,26404,1,26403,0,0),(3977,26404,2,26000,0,0),(3978,26411,1,26000,0,0),(3979,26421,1,26000,0,0),(3980,26501,1,26806,0,0),(3981,26501,2,26502,0,0),(3982,26502,1,26501,0,0),(3983,26502,2,26503,0,0),(3984,26503,1,26502,0,0),(3985,26503,2,26000,0,0),(3986,26511,1,26512,0,0),(3987,26511,2,26514,0,0);
insert  into `map2map`(`id`,`mapid_src`,`doorid`,`mapid_dest`,`x`,`y`) values (3988,26511,3,26000,0,0),(3989,26512,1,26511,0,0),(3990,26512,2,26513,0,0),(3991,26513,1,26512,0,0),(3992,26514,1,26511,0,0),(3993,26514,2,26518,0,0),(3994,26514,3,26515,0,0),(3995,26515,1,26514,0,0),(3996,26515,2,26516,0,0),(3997,26515,3,26000,0,0),(3998,26516,1,26515,0,0),(3999,26516,2,26517,0,0),(4000,26517,1,26516,0,0),(4001,26518,1,26514,0,0),(4002,26518,3,26000,0,0),(4003,26521,1,26522,0,0),(4004,26521,2,26000,0,0),(4005,26522,1,26526,0,0),(4006,26522,2,26523,0,0),(4007,26522,3,26521,0,0),(4008,26523,1,26522,0,0),(4009,26523,2,26524,0,0),(4010,26524,1,26525,0,0),(4011,26524,2,26523,0,0),(4012,26525,1,26524,0,0),(4013,26526,1,26527,0,0),(4014,26526,2,26522,0,0),(4015,26527,1,26529,0,0),(4016,26527,2,26526,0,0),(4017,26527,3,26528,0,0),(4018,26528,1,26527,0,0),(4019,26529,1,26527,0,0),(4020,26531,1,26532,0,0),(4021,26531,2,26000,0,0),(4022,26532,1,26531,0,0),(4023,26532,2,26533,0,0),(4024,26532,3,26534,0,0),(4025,26533,1,26532,0,0),(4026,26534,1,26532,0,0),(4027,26534,2,26816,0,0),(4028,26541,1,26542,0,0),(4029,26541,2,26000,0,0),(4030,26542,1,26543,0,0),(4031,26542,2,26541,0,0),(4032,26543,1,26542,0,0),(4033,26551,1,26552,0,0),(4034,26551,2,26000,0,0),(4035,26552,1,26553,0,0),(4036,26552,2,26554,0,0),(4037,26552,3,26551,0,0),(4038,26553,1,26552,0,0);
insert  into `map2map`(`id`,`mapid_src`,`doorid`,`mapid_dest`,`x`,`y`) values (4039,26554,1,26552,0,0),(4040,26801,1,26802,0,0),(4041,26801,2,26000,0,0),(4042,26802,1,26801,0,0),(4043,26806,1,26501,0,0),(4044,26806,2,26041,0,0),(4045,26811,1,26812,0,0),(4046,26811,2,26000,0,0),(4047,26812,1,26811,0,0),(4048,26816,1,26534,0,0),(4049,26816,2,26051,0,0),(4050,26821,1,26822,0,0),(4051,26821,2,26000,0,0),(4052,26822,1,26821,0,0),(4053,26831,1,26000,0,0),(4054,26841,1,26842,0,0),(4055,26841,2,26000,0,0),(4056,26842,1,26841,0,0),(4057,26851,1,26852,0,0),(4058,26851,2,26000,0,0),(4059,26852,1,26851,0,0),(4060,26861,1,26862,0,0),(4061,26861,2,26000,0,0),(4062,26862,1,26861,0,0),(4063,26871,1,26872,0,0),(4064,26871,2,26000,0,0),(4065,26872,1,26871,0,0),(4066,26872,2,26873,0,0),(4067,26873,1,26872,0,0),(4068,26881,1,26000,0,0),(4069,26891,1,26892,0,0),(4070,26891,2,26000,0,0),(4071,26892,1,26891,0,0),(4072,55000,1,11000,0,0),(4073,55000,2,56000,0,0),(4074,55000,3,55001,0,0),(4075,55001,1,55000,0,0),(4076,55001,2,55002,0,0),(4077,55001,3,55003,0,0),(4078,55002,1,55001,0,0),(4079,55003,1,55001,0,0),(4080,56000,1,57000,0,0),(4081,56000,2,55000,0,0),(4082,56000,3,56501,0,0),(4083,56000,4,56001,0,0),(4084,56000,5,56521,0,0),(4085,56000,6,56801,0,0),(4086,56000,7,56811,0,0),(4087,56000,8,56821,0,0),(4088,56001,1,56000,0,0),(4089,56001,2,56104,0,0);
insert  into `map2map`(`id`,`mapid_src`,`doorid`,`mapid_dest`,`x`,`y`) values (4090,56001,3,56103,0,0),(4091,56001,4,56102,0,0),(4092,56001,5,56101,0,0),(4093,56101,1,56001,0,0),(4094,56102,1,56001,0,0),(4095,56103,1,56001,0,0),(4096,56104,1,56001,0,0),(4097,56501,1,56502,0,0),(4098,56501,2,56000,0,0),(4099,56501,3,56509,0,0),(4100,56502,1,56501,0,0),(4101,56502,2,56505,0,0),(4102,56502,3,56503,0,0),(4103,56503,1,56504,0,0),(4104,56503,2,56502,0,0),(4105,56503,3,56506,0,0),(4106,56504,1,56503,0,0),(4107,56505,1,56506,0,0),(4108,56505,2,56502,0,0),(4109,56506,1,56505,0,0),(4110,56506,2,56507,0,0),(4111,56506,3,56503,0,0),(4112,56506,4,56508,0,0),(4113,56507,1,56506,0,0),(4114,56509,1,56501,0,0),(4115,56509,2,56512,0,0),(4116,56509,3,56510,0,0),(4117,56510,1,56509,0,0),(4118,56510,2,56511,0,0),(4119,56510,3,56514,0,0),(4120,56511,1,56510,0,0),(4121,56512,1,56513,0,0),(4122,56512,2,56516,0,0),(4123,56512,3,56509,0,0),(4124,56513,1,56512,0,0),(4125,56514,1,56510,0,0),(4126,56514,2,56515,0,0),(4127,56515,1,56514,0,0),(4128,56516,1,56517,0,0),(4129,56516,2,56512,0,0),(4130,56517,1,56516,0,0),(4131,56521,1,56000,0,0),(4132,56521,2,56522,0,0),(4133,56521,3,56524,0,0),(4134,56521,4,56523,0,0),(4135,56521,5,56530,0,0),(4136,56522,1,56521,0,0),(4137,56523,1,56521,0,0),(4138,56524,1,56525,0,0),(4139,56524,2,56521,0,0),(4140,56524,3,56526,0,0);
insert  into `map2map`(`id`,`mapid_src`,`doorid`,`mapid_dest`,`x`,`y`) values (4141,56524,4,56528,0,0),(4142,56524,5,56527,0,0),(4143,56525,1,56524,0,0),(4144,56526,1,56524,0,0),(4145,56527,1,56524,0,0),(4146,56528,1,56524,0,0),(4147,56528,2,56529,0,0),(4148,56529,1,56528,0,0),(4149,56530,1,56521,0,0),(4150,56530,2,56533,0,0),(4151,56530,3,56531,0,0),(4152,56530,4,56532,0,0),(4153,56531,1,56530,0,0),(4154,56532,1,56530,0,0),(4155,56533,1,56530,0,0),(4156,56541,1,56821,0,0),(4157,56541,2,56543,0,0),(4158,56541,3,56542,0,0),(4159,56541,4,56544,0,0),(4160,56542,1,56541,0,0),(4161,56542,2,56545,0,0),(4162,56543,1,56541,0,0),(4163,56543,2,56546,0,0),(4164,56544,1,56541,0,0),(4165,56544,2,56547,0,0),(4166,56545,1,56542,0,0),(4167,56546,1,56543,0,0),(4168,56547,1,56544,0,0),(4169,56801,1,56802,0,0),(4170,56801,2,56000,0,0),(4171,56802,1,56801,0,0),(4172,56811,1,56000,0,0),(4173,56811,2,56812,0,0),(4174,56812,1,56811,0,0),(4175,56821,1,56000,0,0),(4176,56821,2,56541,0,0),(4177,57000,1,56000,0,0),(4178,57000,2,57401,0,0),(4179,57000,3,57518,0,0),(4180,57000,4,57001,0,0),(4181,57000,5,57501,0,0),(4182,57000,6,57510,0,0),(4183,57000,7,57521,0,0),(4184,57000,8,57801,0,0),(4185,57000,10,57821,0,0),(4186,57001,1,57000,0,0),(4187,57001,2,57101,0,0),(4188,57001,3,57102,0,0),(4189,57001,4,57103,0,0),(4190,57001,5,57104,0,0),(4191,57101,1,57001,0,0);
insert  into `map2map`(`id`,`mapid_src`,`doorid`,`mapid_dest`,`x`,`y`) values (4192,57102,1,57001,0,0),(4193,57103,1,57001,0,0),(4194,57104,1,57001,0,0),(4195,57401,1,57000,0,0),(4196,57501,1,57000,0,0),(4197,57501,2,57512,0,0),(4198,57501,3,57513,0,0),(4199,57501,5,57503,0,0),(4200,57503,1,57501,0,0),(4201,57503,2,57504,0,0),(4202,57503,3,57506,0,0),(4203,57504,1,57503,0,0),(4204,57504,2,57505,0,0),(4205,57505,1,57504,0,0),(4206,57506,1,57503,0,0),(4207,57506,2,57507,0,0),(4208,57506,3,57508,0,0),(4209,57506,4,57509,0,0),(4210,57507,1,57506,0,0),(4211,57508,1,57506,0,0),(4212,57509,1,57510,0,0),(4213,57509,2,57506,0,0),(4214,57510,1,57000,0,0),(4215,57510,2,57511,0,0),(4216,57510,3,57509,0,0),(4217,57511,1,57510,0,0),(4218,57512,1,57514,0,0),(4219,57512,2,57501,0,0),(4220,57513,1,57501,0,0),(4221,57514,1,57515,0,0),(4222,57514,3,57516,0,0),(4223,57514,4,57512,0,0),(4224,57515,1,57514,0,0),(4225,57516,1,57514,0,0),(4226,57517,1,57518,0,0),(4227,57517,2,57514,0,0),(4228,57518,1,57000,0,0),(4229,57518,2,57517,0,0),(4230,57518,4,57531,0,0),(4231,57521,1,57526,0,0),(4232,57521,2,57524,0,0),(4233,57521,3,57522,0,0),(4234,57521,4,57000,0,0),(4235,57522,1,57521,0,0),(4236,57522,2,57523,0,0),(4237,57523,1,57522,0,0),(4238,57524,1,57521,0,0),(4239,57524,2,57525,0,0),(4240,57525,1,57524,0,0),(4241,57526,1,57527,0,0),(4242,57526,2,57528,0,0);
insert  into `map2map`(`id`,`mapid_src`,`doorid`,`mapid_dest`,`x`,`y`) values (4243,57526,3,57521,0,0),(4244,57527,1,57526,0,0),(4245,57528,1,57526,0,0),(4246,57531,1,57518,0,0),(4247,57531,2,57532,0,0),(4248,57532,1,57531,0,0),(4249,57532,2,57533,0,0),(4250,57533,1,57532,0,0),(4251,57533,2,57534,0,0),(4252,57534,1,57533,0,0),(4253,57534,2,57535,0,0),(4254,57535,1,57534,0,0),(4255,57541,1,57821,0,0),(4256,57541,2,57542,0,0),(4257,57542,1,57541,0,0),(4258,57542,2,57543,0,0),(4259,57543,1,57542,0,0),(4260,57801,1,57000,0,0),(4261,57821,1,57541,0,0),(4262,57821,2,57000,0,0),(4263,58000,1,11000,0,0),(4264,59000,7,59811,0,0),(4265,59000,2,59001,0,0),(4266,59000,9,59411,0,0),(4267,59001,3,59000,0,0),(4268,59411,1,59000,0,0),(4269,59811,1,59812,0,0),(4270,59811,2,59000,0,0),(4271,59812,1,59811,0,0),(4272,61000,1,61841,0,0),(4273,61000,2,61441,0,0),(4274,61000,3,61431,0,0),(4275,61000,4,61514,0,0),(4276,61000,5,61421,0,0),(4277,61000,6,61541,0,0),(4278,61000,7,61521,0,0),(4279,61000,8,61851,0,0),(4280,61000,9,61011,0,0),(4281,61000,10,61511,0,0),(4282,61000,11,61411,0,0),(4283,61000,12,61821,0,0),(4284,61000,13,61831,0,0),(4285,61000,14,61001,0,0),(4286,61000,15,61401,0,0),(4287,61000,16,61801,0,0),(4288,61000,17,61811,0,0),(4289,61000,18,26000,0,0),(4290,61000,19,61861,0,0),(4291,61001,1,61002,0,0),(4292,61001,2,61000,0,0);
insert  into `map2map`(`id`,`mapid_src`,`doorid`,`mapid_dest`,`x`,`y`) values (4293,61002,1,61001,0,0),(4294,61002,2,61172,0,0),(4295,61002,3,61131,0,0),(4296,61002,4,61171,0,0),(4297,61002,5,61101,0,0),(4298,61002,6,61132,0,0),(4299,61011,1,61012,0,0),(4300,61011,2,61000,0,0),(4301,61012,1,61011,0,0),(4302,61012,2,61134,0,0),(4303,61012,3,61133,0,0),(4304,61012,4,61174,0,0),(4305,61012,5,61103,0,0),(4306,61012,6,61173,0,0),(4307,61012,7,61102,0,0),(4308,61012,8,61135,0,0),(4309,61021,1,61401,0,0),(4310,61021,2,61136,0,0),(4311,61021,3,61176,0,0),(4312,61021,4,61104,0,0),(4313,61021,5,61175,0,0),(4314,61031,1,61861,0,0),(4315,61031,2,61105,0,0),(4316,61031,3,61177,0,0),(4317,61031,4,61137,0,0),(4318,61101,1,61002,0,0),(4319,61102,1,61012,0,0),(4320,61103,1,61012,0,0),(4321,61104,1,61021,0,0),(4322,61105,1,61031,0,0),(4323,61131,1,61002,0,0),(4324,61132,1,61002,0,0),(4325,61133,1,61012,0,0),(4326,61134,1,61012,0,0),(4327,61135,1,61012,0,0),(4328,61136,1,61021,0,0),(4329,61137,1,61031,0,0),(4330,61171,1,61002,0,0),(4331,61172,1,61002,0,0),(4332,61173,1,61012,0,0),(4333,61174,1,61012,0,0),(4334,61175,1,61021,0,0),(4335,61176,1,61021,0,0),(4336,61177,1,61031,0,0),(4337,61301,1,61501,0,0),(4338,61401,1,61000,0,0),(4339,61401,2,61021,0,0),(4340,61411,2,61000,0,0),(4341,61421,1,61000,0,0),(4342,61431,1,61000,0,0),(4343,61441,1,61000,0,0);
insert  into `map2map`(`id`,`mapid_src`,`doorid`,`mapid_dest`,`x`,`y`) values (4344,61501,1,61803,0,0),(4345,61501,2,61301,0,0),(4346,61511,1,61000,0,0),(4347,61511,2,61512,0,0),(4348,61512,1,61511,0,0),(4349,61512,2,61513,0,0),(4350,61512,3,61514,0,0),(4351,61513,1,61512,0,0),(4352,61514,1,61512,0,0),(4353,61514,2,61515,0,0),(4354,61514,3,61000,0,0),(4355,61515,1,61514,0,0),(4356,61515,2,61516,0,0),(4357,61516,1,61515,0,0),(4358,61521,1,61522,0,0),(4359,61521,2,61000,0,0),(4360,61522,1,61521,0,0),(4361,61522,2,61523,0,0),(4362,61522,3,61526,0,0),(4363,61523,1,61522,0,0),(4364,61523,2,61524,0,0),(4365,61524,1,61523,0,0),(4366,61524,2,61525,0,0),(4367,61525,1,61524,0,0),(4368,61526,1,61522,0,0),(4369,61526,2,61527,0,0),(4370,61527,1,61526,0,0),(4371,61527,2,61528,0,0),(4372,61528,1,61527,0,0),(4373,61541,1,61542,0,0),(4374,61541,2,61546,0,0),(4375,61541,3,61000,0,0),(4376,61542,1,61543,0,0),(4377,61542,2,61541,0,0),(4378,61543,1,61542,0,0),(4379,61543,2,61544,0,0),(4380,61544,1,61543,0,0),(4381,61544,2,61545,0,0),(4382,61545,1,61544,0,0),(4383,61546,1,61541,0,0),(4384,61546,2,61547,0,0),(4385,61547,1,61546,0,0),(4386,61547,2,61548,0,0),(4387,61548,1,61547,0,0),(4388,61548,2,61549,0,0),(4389,61549,1,61548,0,0),(4390,61801,1,61000,0,0),(4391,61801,2,61802,0,0),(4392,61802,1,61801,0,0),(4393,61802,2,61803,0,0),(4394,61803,1,61802,0,0);
insert  into `map2map`(`id`,`mapid_src`,`doorid`,`mapid_dest`,`x`,`y`) values (4395,61803,2,61501,0,0),(4396,61811,1,61812,0,0),(4397,61811,2,61000,0,0),(4398,61812,1,61811,0,0),(4399,61821,1,61822,0,0),(4400,61821,2,61000,0,0),(4401,61822,1,61821,0,0),(4402,61831,1,61832,0,0),(4403,61831,2,61000,0,0),(4404,61832,1,61831,0,0),(4405,61841,1,61842,0,0),(4406,61841,2,61000,0,0),(4407,61842,1,61841,0,0),(4408,61851,1,61852,0,0),(4409,61851,2,61000,0,0),(4410,61852,1,61851,0,0),(4411,61861,1,61000,0,0),(4412,61861,2,61031,0,0);

/*Table structure for table `npc_gossip` */

DROP TABLE IF EXISTS `npc_gossip`;

CREATE TABLE `npc_gossip` (
  `id` int(11) unsigned NOT NULL default '0',
  `npc_guid` int(11) unsigned NOT NULL default '0',
  `gossip_type` int(11) unsigned NOT NULL default '0',
  `textid` int(11) unsigned NOT NULL default '0',
  `option_count` int(11) unsigned default NULL,
  PRIMARY KEY  (`id`,`npc_guid`)
) ENGINE=MyISAM DEFAULT CHARSET=utf8;

/*Data for the table `npc_gossip` */

insert  into `npc_gossip`(`id`,`npc_guid`,`gossip_type`,`textid`,`option_count`) values (1,1213302,0,12045,NULL),(2,1226301,0,10133,NULL),(3,1213301,0,21094,NULL);

SET SQL_MODE=@OLD_SQL_MODE;